#
# There is insufficient memory for the Java Runtime Environment to continue.
# Native memory allocation (malloc) failed to allocate 2593728 bytes. Error detail: Chunk::new
# Possible reasons:
#   The system is out of physical RAM or swap space
#   This process is running with CompressedOops enabled, and the Java Heap may be blocking the growth of the native heap
# Possible solutions:
#   Reduce memory load on the system
#   Increase physical memory or swap space
#   Check if swap backing store is full
#   Decrease Java heap size (-Xmx/-Xms)
#   Decrease number of Java threads
#   Decrease Java thread stack sizes (-Xss)
#   Set larger code cache with -XX:ReservedCodeCacheSize=
#   JVM is running with Unscaled Compressed Oops mode in which the Java heap is
#     placed in the first 4GB address space. The Java Heap base address is the
#     maximum limit for the native heap growth. Please use -XX:HeapBaseMinAddress
#     to set the Java Heap base and to place the Java Heap above 4GB virtual address.
# This output file may be truncated or incomplete.
#
#  Out of Memory Error (arena.cpp:168), pid=23524, tid=25744
#
# JRE version: OpenJDK Runtime Environment (21.0.10) (build 21.0.10+-14961533-b1163.108)
# Java VM: OpenJDK 64-Bit Server VM (21.0.10+-14961533-b1163.108, mixed mode, tiered, compressed oops, compressed class ptrs, g1 gc, windows-amd64)
# No core dump will be written. Minidumps are not enabled by default on client versions of Windows
#

---------------  S U M M A R Y ------------

Command Line: --add-opens=java.base/java.lang=ALL-UNNAMED --add-opens=java.base/java.lang.invoke=ALL-UNNAMED --add-opens=java.base/java.util=ALL-UNNAMED --add-opens=java.prefs/java.util.prefs=ALL-UNNAMED --add-exports=jdk.compiler/com.sun.tools.javac.api=ALL-UNNAMED --add-exports=jdk.compiler/com.sun.tools.javac.util=ALL-UNNAMED --add-opens=java.base/java.util=ALL-UNNAMED --add-opens=java.prefs/java.util.prefs=ALL-UNNAMED --add-opens=java.base/java.nio.charset=ALL-UNNAMED --add-opens=java.base/java.net=ALL-UNNAMED --add-opens=java.base/java.util.concurrent=ALL-UNNAMED --add-opens=java.base/java.util.concurrent.atomic=ALL-UNNAMED --add-opens=java.xml/javax.xml.namespace=ALL-UNNAMED --add-opens=java.base/java.time=ALL-UNNAMED -Xmx2048m -Dfile.encoding=UTF-8 -Duser.country=US -Duser.language=en -Duser.variant -javaagent:C:\Users\HP\.gradle\wrapper\dists\gradle-9.4.1-bin\arn2x92ynaizyzdaamcbpbhtj\gradle-9.4.1\lib\agents\gradle-instrumentation-agent-9.4.1.jar org.gradle.launcher.daemon.bootstrap.GradleDaemon 9.4.1

Host: 12th Gen Intel(R) Core(TM) i3-1215U, 8 cores, 11G,  Windows 11 , 64 bit Build 22621 (10.0.22621.5415)
Time: Sun Aug 16 07:50:36 2026 Sri Lanka Standard Time elapsed time: 944.227154 seconds (0d 0h 15m 44s)

---------------  T H R E A D  ---------------

Current thread (0x0000029477804f20):  JavaThread "C2 CompilerThread0" daemon [_thread_in_native, id=25744, stack(0x000000b5f4c00000,0x000000b5f4d00000) (1024K)]


Current CompileTask:
C2:944227 16543       4       org.gradle.internal.instantiation.generator.AbstractClassGenerator::inspectType (602 bytes)

Stack: [0x000000b5f4c00000,0x000000b5f4d00000]
Native frames: (J=compiled Java code, j=interpreted, Vv=VM code, C=native code)
V  [jvm.dll+0x6d78a9]
V  [jvm.dll+0x8665b3]
V  [jvm.dll+0x868bde]
V  [jvm.dll+0x8692c3]
V  [jvm.dll+0x280ee6]
V  [jvm.dll+0xc07cd]
V  [jvm.dll+0xc0d03]
V  [jvm.dll+0x3ba0cb]
V  [jvm.dll+0x385df7]
V  [jvm.dll+0x38526a]
V  [jvm.dll+0x249bd2]
V  [jvm.dll+0x2491a1]
V  [jvm.dll+0x1c76e4]
V  [jvm.dll+0x25891e]
V  [jvm.dll+0x256e66]
V  [jvm.dll+0x3f513e]
V  [jvm.dll+0x80fd28]
V  [jvm.dll+0x6d60fd]
C  [ucrtbase.dll+0x29333]
C  [KERNEL32.DLL+0x1259d]
C  [ntdll.dll+0x5af78]


---------------  P R O C E S S  ---------------

Threads class SMR info:
_java_thread_list=0x000002947e9cdc40, length=60, elements={
0x000002945feef700, 0x000002947779f510, 0x00000294777d7a90, 0x00000294777f9dd0,
0x000002947781a040, 0x000002947781a6b0, 0x00000294777cade0, 0x00000294777cb840,
0x0000029477804f20, 0x00000294778055d0, 0x0000029477ab8de0, 0x000002947d815110,
0x000002947d830000, 0x000002947d1b5440, 0x000002947e3ebbf0, 0x000002947f4878f0,
0x000002947f484b00, 0x000002947f48a050, 0x000002947f487260, 0x000002947f487f80,
0x000002947f488610, 0x00000294033760b0, 0x000002947f486bd0, 0x000002947f6aed80,
0x000002947f6b0130, 0x000002947f6b07c0, 0x000002947f6b0e50, 0x000002947f6af410,
0x000002947f6afaa0, 0x0000029403375a20, 0x0000029403372c30, 0x0000029403376dd0,
0x0000029403375390, 0x0000029403377460, 0x0000029403377af0, 0x0000029403370b60,
0x0000029403371880, 0x0000029403374670, 0x0000029403373950, 0x0000029403374d00,
0x00000294013c6640, 0x00000294013c10f0, 0x00000294013c4570, 0x00000294013c1e10,
0x00000294013c6cd0, 0x00000294013c2b30, 0x00000294013c03d0, 0x00000294013c4c00,
0x00000294013c24a0, 0x00000294013c0a60, 0x00000294013c3850, 0x00000294013c3ee0,
0x00000294013c5290, 0x000002947f4899c0, 0x000002947f48a6e0, 0x0000029403e4b180,
0x000002947f4083a0, 0x000002947f404200, 0x000002947f3e73f0, 0x000002947f3e66d0
}

Java Threads: ( => current thread )
  0x000002945feef700 JavaThread "main"                              [_thread_blocked, id=5756, stack(0x000000b5f3d00000,0x000000b5f3e00000) (1024K)]
  0x000002947779f510 JavaThread "Common-Cleaner"             daemon [_thread_blocked, id=15772, stack(0x000000b5f4500000,0x000000b5f4600000) (1024K)]
  0x00000294777d7a90 JavaThread "Reference Handler"          daemon [_thread_blocked, id=23732, stack(0x000000b5f4600000,0x000000b5f4700000) (1024K)]
  0x00000294777f9dd0 JavaThread "Finalizer"                  daemon [_thread_blocked, id=28152, stack(0x000000b5f4700000,0x000000b5f4800000) (1024K)]
  0x000002947781a040 JavaThread "Signal Dispatcher"          daemon [_thread_blocked, id=25868, stack(0x000000b5f4800000,0x000000b5f4900000) (1024K)]
  0x000002947781a6b0 JavaThread "Attach Listener"            daemon [_thread_blocked, id=17704, stack(0x000000b5f4900000,0x000000b5f4a00000) (1024K)]
  0x00000294777cade0 JavaThread "Service Thread"             daemon [_thread_blocked, id=21076, stack(0x000000b5f4a00000,0x000000b5f4b00000) (1024K)]
  0x00000294777cb840 JavaThread "Monitor Deflation Thread"   daemon [_thread_blocked, id=25072, stack(0x000000b5f4b00000,0x000000b5f4c00000) (1024K)]
=>0x0000029477804f20 JavaThread "C2 CompilerThread0"         daemon [_thread_in_native, id=25744, stack(0x000000b5f4c00000,0x000000b5f4d00000) (1024K)]
  0x00000294778055d0 JavaThread "C1 CompilerThread0"         daemon [_thread_blocked, id=5864, stack(0x000000b5f4d00000,0x000000b5f4e00000) (1024K)]
  0x0000029477ab8de0 JavaThread "Notification Thread"        daemon [_thread_blocked, id=22848, stack(0x000000b5f4e00000,0x000000b5f4f00000) (1024K)]
  0x000002947d815110 JavaThread "Daemon health stats"               [_thread_blocked, id=21036, stack(0x000000b5f5400000,0x000000b5f5500000) (1024K)]
  0x000002947d830000 JavaThread "Incoming local TCP Connector on port 51926"        [_thread_in_native, id=664, stack(0x000000b5f5500000,0x000000b5f5600000) (1024K)]
  0x000002947d1b5440 JavaThread "Daemon periodic checks"            [_thread_blocked, id=26108, stack(0x000000b5f5600000,0x000000b5f5700000) (1024K)]
  0x000002947e3ebbf0 JavaThread "Cache worker for journal cache (C:\Users\HP\.gradle\caches\journal-1)"        [_thread_blocked, id=11192, stack(0x000000b5f6200000,0x000000b5f6300000) (1024K)]
  0x000002947f4878f0 JavaThread "File lock request listener"        [_thread_in_native, id=21540, stack(0x000000b5f6300000,0x000000b5f6400000) (1024K)]
  0x000002947f484b00 JavaThread "Cache worker for file hash cache (C:\Users\HP\.gradle\caches\9.4.1\fileHashes)"        [_thread_blocked, id=19804, stack(0x000000b5f6400000,0x000000b5f6500000) (1024K)]
  0x000002947f48a050 JavaThread "Cache worker for file content cache (C:\Users\HP\.gradle\caches\9.4.1\fileContent)"        [_thread_blocked, id=25520, stack(0x000000b5f6900000,0x000000b5f6a00000) (1024K)]
  0x000002947f487260 JavaThread "File watcher server"        daemon [_thread_in_native, id=23648, stack(0x000000b5f6a00000,0x000000b5f6b00000) (1024K)]
  0x000002947f487f80 JavaThread "File watcher consumer"      daemon [_thread_blocked, id=19020, stack(0x000000b5f6b00000,0x000000b5f6c00000) (1024K)]
  0x000002947f488610 JavaThread "Memory manager"                    [_thread_blocked, id=18568, stack(0x000000b5f6800000,0x000000b5f6900000) (1024K)]
  0x00000294033760b0 JavaThread "pool-2-thread-1"                   [_thread_blocked, id=25992, stack(0x000000b5f8200000,0x000000b5f8300000) (1024K)]
  0x000002947f486bd0 JavaThread "pool-4-thread-1"                   [_thread_blocked, id=28188, stack(0x000000b5f7900000,0x000000b5f7a00000) (1024K)]
  0x000002947f6aed80 JavaThread "RMI Scheduler(0)"           daemon [_thread_blocked, id=15248, stack(0x000000b5f7c00000,0x000000b5f7d00000) (1024K)]
  0x000002947f6b0130 JavaThread "RMI GC Daemon"              daemon [_thread_blocked, id=24192, stack(0x000000b5f7e00000,0x000000b5f7f00000) (1024K)]
  0x000002947f6b07c0 JavaThread "RMI TCP Accept-0"           daemon [_thread_in_native, id=4648, stack(0x000000b5f7f00000,0x000000b5f8000000) (1024K)]
  0x000002947f6b0e50 JavaThread "RMI Reaper"                        [_thread_blocked, id=25292, stack(0x000000b5f8000000,0x000000b5f8100000) (1024K)]
  0x000002947f6af410 JavaThread "Daemon Thread 3"                   [_thread_blocked, id=17644, stack(0x000000b5f3a00000,0x000000b5f3b00000) (1024K)]
  0x000002947f6afaa0 JavaThread "Handler for socket connection from /127.0.0.1:51926 to /127.0.0.1:64917"        [_thread_in_native, id=15168, stack(0x000000b5f4f00000,0x000000b5f5000000) (1024K)]
  0x0000029403375a20 JavaThread "Cancel handler"                    [_thread_blocked, id=11728, stack(0x000000b5f5700000,0x000000b5f5800000) (1024K)]
  0x0000029403372c30 JavaThread "Daemon worker Thread 3"            [_thread_in_Java, id=29592, stack(0x000000b5f5800000,0x000000b5f5900000) (1024K)]
  0x0000029403376dd0 JavaThread "Asynchronous log dispatcher for DefaultDaemonConnection: socket connection from /127.0.0.1:51926 to /127.0.0.1:64917"        [_thread_blocked, id=12684, stack(0x000000b5f5900000,0x000000b5f5a00000) (1024K)]
  0x0000029403375390 JavaThread "Stdin handler"                     [_thread_blocked, id=29672, stack(0x000000b5f5a00000,0x000000b5f5b00000) (1024K)]
  0x0000029403377460 JavaThread "Daemon client event forwarder"        [_thread_blocked, id=12448, stack(0x000000b5f5f00000,0x000000b5f6000000) (1024K)]
  0x0000029403377af0 JavaThread "Cache worker for file hash cache (D:\UCSC\2ND YEAR\MAD\MINI PROJECT\TEXT Editor\.gradle\9.4.1\fileHashes)"        [_thread_blocked, id=27096, stack(0x000000b5f6000000,0x000000b5f6100000) (1024K)]
  0x0000029403370b60 JavaThread "Cache worker for checksums cache (D:\UCSC\2ND YEAR\MAD\MINI PROJECT\TEXT Editor\.gradle\9.4.1\checksums)"        [_thread_blocked, id=11532, stack(0x000000b5f6100000,0x000000b5f6200000) (1024K)]
  0x0000029403371880 JavaThread "Cache worker for Build Output Cleanup Cache (D:\UCSC\2ND YEAR\MAD\MINI PROJECT\TEXT Editor\.gradle\buildOutputCleanup)"        [_thread_blocked, id=24356, stack(0x000000b5f6500000,0x000000b5f6600000) (1024K)]
  0x0000029403374670 JavaThread "Cache worker for cache directory md-supplier (C:\Users\HP\.gradle\caches\9.4.1\md-supplier)"        [_thread_blocked, id=6596, stack(0x000000b5f6700000,0x000000b5f6800000) (1024K)]
  0x0000029403373950 JavaThread "Cache worker for cache directory md-rule (C:\Users\HP\.gradle\caches\9.4.1\md-rule)"        [_thread_blocked, id=27848, stack(0x000000b5f6c00000,0x000000b5f6d00000) (1024K)]
  0x0000029403374d00 JavaThread "jar transforms"                    [_thread_blocked, id=24220, stack(0x000000b5f6d00000,0x000000b5f6e00000) (1024K)]
  0x00000294013c6640 JavaThread "jar transforms Thread 2"           [_thread_blocked, id=27624, stack(0x000000b5f6e00000,0x000000b5f6f00000) (1024K)]
  0x00000294013c10f0 JavaThread "jar transforms Thread 3"           [_thread_blocked, id=25948, stack(0x000000b5f6f00000,0x000000b5f7000000) (1024K)]
  0x00000294013c4570 JavaThread "jar transforms Thread 4"           [_thread_blocked, id=19240, stack(0x000000b5f7000000,0x000000b5f7100000) (1024K)]
  0x00000294013c1e10 JavaThread "jar transforms Thread 5"           [_thread_blocked, id=27792, stack(0x000000b5f7100000,0x000000b5f7200000) (1024K)]
  0x00000294013c6cd0 JavaThread "Build operations"                  [_thread_blocked, id=10620, stack(0x000000b5f7200000,0x000000b5f7300000) (1024K)]
  0x00000294013c2b30 JavaThread "Build operations Thread 2"         [_thread_blocked, id=28260, stack(0x000000b5f7300000,0x000000b5f7400000) (1024K)]
  0x00000294013c03d0 JavaThread "Build operations Thread 3"         [_thread_blocked, id=2232, stack(0x000000b5f7400000,0x000000b5f7500000) (1024K)]
  0x00000294013c4c00 JavaThread "Build operations Thread 4"         [_thread_blocked, id=14628, stack(0x000000b5f7500000,0x000000b5f7600000) (1024K)]
  0x00000294013c24a0 JavaThread "Build operations Thread 5"         [_thread_blocked, id=25020, stack(0x000000b5f7600000,0x000000b5f7700000) (1024K)]
  0x00000294013c0a60 JavaThread "Build operations Thread 6"         [_thread_blocked, id=27596, stack(0x000000b5f7700000,0x000000b5f7800000) (1024K)]
  0x00000294013c3850 JavaThread "Build operations Thread 7"         [_thread_blocked, id=12824, stack(0x000000b5f7800000,0x000000b5f7900000) (1024K)]
  0x00000294013c3ee0 JavaThread "Build operations Thread 8"         [_thread_blocked, id=25580, stack(0x000000b5f7a00000,0x000000b5f7b00000) (1024K)]
  0x00000294013c5290 JavaThread "jar transforms Thread 6"           [_thread_blocked, id=26600, stack(0x000000b5f7b00000,0x000000b5f7c00000) (1024K)]
  0x000002947f4899c0 JavaThread "jar transforms Thread 7"           [_thread_blocked, id=21824, stack(0x000000b5f7d00000,0x000000b5f7e00000) (1024K)]
  0x000002947f48a6e0 JavaThread "jar transforms Thread 8"           [_thread_blocked, id=23340, stack(0x000000b5f8300000,0x000000b5f8400000) (1024K)]
  0x0000029403e4b180 JavaThread "Configuration cache report writer"        [_thread_blocked, id=5036, stack(0x000000b5f8400000,0x000000b5f8500000) (1024K)]
  0x000002947f4083a0 JavaThread "build event listener"              [_thread_blocked, id=2756, stack(0x000000b5f6600000,0x000000b5f6700000) (1024K)]
  0x000002947f404200 JavaThread "build event listener"              [_thread_blocked, id=13320, stack(0x000000b5f8600000,0x000000b5f8700000) (1024K)]
  0x000002947f3e73f0 JavaThread "pool-7-thread-1"                   [_thread_blocked, id=10004, stack(0x000000b5f8100000,0x000000b5f8200000) (1024K)]
  0x000002947f3e66d0 JavaThread "build event listener"              [_thread_blocked, id=14528, stack(0x000000b5f8500000,0x000000b5f8600000) (1024K)]
Total: 60

Other Threads:
  0x0000029477783df0 VMThread "VM Thread"                           [id=24388, stack(0x000000b5f4400000,0x000000b5f4500000) (1024K)]
  0x00000294775b4e60 WatcherThread "VM Periodic Task Thread"        [id=15540, stack(0x000000b5f4300000,0x000000b5f4400000) (1024K)]
  0x000002945dc7d000 WorkerThread "GC Thread#0"                     [id=112, stack(0x000000b5f3e00000,0x000000b5f3f00000) (1024K)]
  0x000002947d04c4d0 WorkerThread "GC Thread#1"                     [id=25392, stack(0x000000b5f5100000,0x000000b5f5200000) (1024K)]
  0x000002947d04c880 WorkerThread "GC Thread#2"                     [id=28140, stack(0x000000b5f5200000,0x000000b5f5300000) (1024K)]
  0x000002947ce5b370 WorkerThread "GC Thread#3"                     [id=24964, stack(0x000000b5f5300000,0x000000b5f5400000) (1024K)]
  0x000002947cefde60 WorkerThread "GC Thread#4"                     [id=25760, stack(0x000000b5f5000000,0x000000b5f5100000) (1024K)]
  0x000002947d51fcf0 WorkerThread "GC Thread#5"                     [id=22356, stack(0x000000b5f5b00000,0x000000b5f5c00000) (1024K)]
  0x000002947d520800 WorkerThread "GC Thread#6"                     [id=15684, stack(0x000000b5f5c00000,0x000000b5f5d00000) (1024K)]
  0x000002947d520bb0 WorkerThread "GC Thread#7"                     [id=13148, stack(0x000000b5f5d00000,0x000000b5f5e00000) (1024K)]
  0x000002945dc7e130 ConcurrentGCThread "G1 Main Marker"            [id=27696, stack(0x000000b5f3f00000,0x000000b5f4000000) (1024K)]
  0x000002945ff53450 WorkerThread "G1 Conc#0"                       [id=2416, stack(0x000000b5f4000000,0x000000b5f4100000) (1024K)]
  0x000002947d5200a0 WorkerThread "G1 Conc#1"                       [id=28060, stack(0x000000b5f5e00000,0x000000b5f5f00000) (1024K)]
  0x000002947748b680 ConcurrentGCThread "G1 Refine#0"               [id=9624, stack(0x000000b5f4100000,0x000000b5f4200000) (1024K)]
  0x000002947748bfa0 ConcurrentGCThread "G1 Service"                [id=26980, stack(0x000000b5f4200000,0x000000b5f4300000) (1024K)]
Total: 15

Threads with active compile tasks:
C2 CompilerThread0  944263 16543       4       org.gradle.internal.instantiation.generator.AbstractClassGenerator::inspectType (602 bytes)
Total: 1

VM state: not at safepoint (normal execution)

VM Mutex/Monitor currently owned by a thread: None

Heap address: 0x0000000080000000, size: 2048 MB, Compressed Oops mode: 32-bit

CDS archive(s) not mapped
Compressed class space mapped at: 0x0000000100000000-0x0000000140000000, reserved size: 1073741824
Narrow klass base: 0x0000000000000000, Narrow klass shift: 3, Narrow klass range: 0x140000000

GC Precious Log:
 CardTable entry size: 512
 Card Set container configuration: InlinePtr #cards 5 size 8 Array Of Cards #cards 12 size 40 Howl #buckets 4 coarsen threshold 1843 Howl Bitmap #cards 512 size 80 coarsen threshold 460 Card regions per heap region 1 cards per card region 2048
 CPUs: 8 total, 8 available
 Memory: 11959M
 Large Page Support: Disabled
 NUMA Support: Disabled
 Compressed Oops: Enabled (32-bit)
 Heap Region Size: 1M
 Heap Min Capacity: 8M
 Heap Initial Capacity: 188M
 Heap Max Capacity: 2G
 Pre-touch: Disabled
 Parallel Workers: 8
 Concurrent Workers: 2
 Concurrent Refinement Workers: 8
 Periodic GC: Disabled

Heap:
 garbage-first heap   total 194560K, used 156632K [0x0000000080000000, 0x0000000100000000)
  region size 1024K, 39 young (39936K), 8 survivors (8192K)
 Metaspace       used 138074K, committed 140864K, reserved 1179648K
  class space    used 19002K, committed 20416K, reserved 1048576K

Heap Regions: E=young(eden), S=young(survivor), O=old, HS=humongous(starts), HC=humongous(continues), CS=collection set, F=free, TAMS=top-at-mark-start, PB=parsable bottom
|   0|0x0000000080000000, 0x0000000080100000, 0x0000000080100000|100%|HS|  |TAMS 0x0000000080000000| PB 0x0000000080000000| Complete 
|   1|0x0000000080100000, 0x0000000080200000, 0x0000000080200000|100%|HC|  |TAMS 0x0000000080100000| PB 0x0000000080100000| Complete 
|   2|0x0000000080200000, 0x0000000080300000, 0x0000000080300000|100%|HC|  |TAMS 0x0000000080200000| PB 0x0000000080200000| Complete 
|   3|0x0000000080300000, 0x0000000080400000, 0x0000000080400000|100%|HC|  |TAMS 0x0000000080300000| PB 0x0000000080300000| Complete 
|   4|0x0000000080400000, 0x0000000080500000, 0x0000000080500000|100%| O|  |TAMS 0x0000000080400000| PB 0x0000000080400000| Untracked 
|   5|0x0000000080500000, 0x0000000080600000, 0x0000000080600000|100%| O|  |TAMS 0x0000000080500000| PB 0x0000000080500000| Untracked 
|   6|0x0000000080600000, 0x0000000080700000, 0x0000000080700000|100%| O|  |TAMS 0x0000000080600000| PB 0x0000000080600000| Untracked 
|   7|0x0000000080700000, 0x0000000080800000, 0x0000000080800000|100%| O|  |TAMS 0x0000000080700000| PB 0x0000000080700000| Untracked 
|   8|0x0000000080800000, 0x0000000080900000, 0x0000000080900000|100%| O|  |TAMS 0x0000000080800000| PB 0x0000000080800000| Untracked 
|   9|0x0000000080900000, 0x0000000080a00000, 0x0000000080a00000|100%| O|  |TAMS 0x0000000080900000| PB 0x0000000080900000| Untracked 
|  10|0x0000000080a00000, 0x0000000080b00000, 0x0000000080b00000|100%| O|  |TAMS 0x0000000080a00000| PB 0x0000000080a00000| Untracked 
|  11|0x0000000080b00000, 0x0000000080c00000, 0x0000000080c00000|100%|HS|  |TAMS 0x0000000080b00000| PB 0x0000000080b00000| Complete 
|  12|0x0000000080c00000, 0x0000000080d00000, 0x0000000080d00000|100%| O|  |TAMS 0x0000000080c00000| PB 0x0000000080c00000| Untracked 
|  13|0x0000000080d00000, 0x0000000080e00000, 0x0000000080e00000|100%| O|  |TAMS 0x0000000080d00000| PB 0x0000000080d00000| Untracked 
|  14|0x0000000080e00000, 0x0000000080f00000, 0x0000000080f00000|100%| O|  |TAMS 0x0000000080e00000| PB 0x0000000080e00000| Untracked 
|  15|0x0000000080f00000, 0x0000000081000000, 0x0000000081000000|100%| O|  |TAMS 0x0000000080f00000| PB 0x0000000080f00000| Untracked 
|  16|0x0000000081000000, 0x0000000081100000, 0x0000000081100000|100%| O|  |TAMS 0x0000000081000000| PB 0x0000000081000000| Untracked 
|  17|0x0000000081100000, 0x0000000081200000, 0x0000000081200000|100%| O|  |TAMS 0x0000000081100000| PB 0x0000000081100000| Untracked 
|  18|0x0000000081200000, 0x0000000081300000, 0x0000000081300000|100%| O|  |TAMS 0x0000000081200000| PB 0x0000000081200000| Untracked 
|  19|0x0000000081300000, 0x0000000081400000, 0x0000000081400000|100%| O|  |TAMS 0x0000000081300000| PB 0x0000000081300000| Untracked 
|  20|0x0000000081400000, 0x0000000081500000, 0x0000000081500000|100%| O|  |TAMS 0x0000000081400000| PB 0x0000000081400000| Untracked 
|  21|0x0000000081500000, 0x0000000081600000, 0x0000000081600000|100%|HS|  |TAMS 0x0000000081500000| PB 0x0000000081500000| Complete 
|  22|0x0000000081600000, 0x0000000081700000, 0x0000000081700000|100%|HS|  |TAMS 0x0000000081600000| PB 0x0000000081600000| Complete 
|  23|0x0000000081700000, 0x0000000081800000, 0x0000000081800000|100%|HS|  |TAMS 0x0000000081700000| PB 0x0000000081700000| Complete 
|  24|0x0000000081800000, 0x0000000081900000, 0x0000000081900000|100%|HS|  |TAMS 0x0000000081800000| PB 0x0000000081800000| Complete 
|  25|0x0000000081900000, 0x0000000081a00000, 0x0000000081a00000|100%|HC|  |TAMS 0x0000000081900000| PB 0x0000000081900000| Complete 
|  26|0x0000000081a00000, 0x0000000081b00000, 0x0000000081b00000|100%|HS|  |TAMS 0x0000000081a00000| PB 0x0000000081a00000| Complete 
|  27|0x0000000081b00000, 0x0000000081c00000, 0x0000000081c00000|100%|HS|  |TAMS 0x0000000081b00000| PB 0x0000000081b00000| Complete 
|  28|0x0000000081c00000, 0x0000000081d00000, 0x0000000081d00000|100%|HC|  |TAMS 0x0000000081c00000| PB 0x0000000081c00000| Complete 
|  29|0x0000000081d00000, 0x0000000081e00000, 0x0000000081e00000|100%| O|  |TAMS 0x0000000081d00000| PB 0x0000000081d00000| Untracked 
|  30|0x0000000081e00000, 0x0000000081f00000, 0x0000000081f00000|100%| O|  |TAMS 0x0000000081e00000| PB 0x0000000081e00000| Untracked 
|  31|0x0000000081f00000, 0x0000000082000000, 0x0000000082000000|100%| O|  |TAMS 0x0000000081f00000| PB 0x0000000081f00000| Untracked 
|  32|0x0000000082000000, 0x0000000082100000, 0x0000000082100000|100%| O|  |TAMS 0x0000000082000000| PB 0x0000000082000000| Untracked 
|  33|0x0000000082100000, 0x0000000082200000, 0x0000000082200000|100%| O|  |TAMS 0x0000000082100000| PB 0x0000000082100000| Untracked 
|  34|0x0000000082200000, 0x0000000082300000, 0x0000000082300000|100%| O|  |TAMS 0x0000000082200000| PB 0x0000000082200000| Untracked 
|  35|0x0000000082300000, 0x0000000082400000, 0x0000000082400000|100%| O|  |TAMS 0x0000000082300000| PB 0x0000000082300000| Untracked 
|  36|0x0000000082400000, 0x0000000082500000, 0x0000000082500000|100%|HS|  |TAMS 0x0000000082400000| PB 0x0000000082400000| Complete 
|  37|0x0000000082500000, 0x0000000082600000, 0x0000000082600000|100%| O|  |TAMS 0x0000000082500000| PB 0x0000000082500000| Untracked 
|  38|0x0000000082600000, 0x0000000082700000, 0x0000000082700000|100%| O|  |TAMS 0x0000000082600000| PB 0x0000000082600000| Untracked 
|  39|0x0000000082700000, 0x0000000082800000, 0x0000000082800000|100%|HS|  |TAMS 0x0000000082700000| PB 0x0000000082700000| Complete 
|  40|0x0000000082800000, 0x0000000082900000, 0x0000000082900000|100%| O|  |TAMS 0x0000000082800000| PB 0x0000000082800000| Untracked 
|  41|0x0000000082900000, 0x0000000082a00000, 0x0000000082a00000|100%| O|  |TAMS 0x0000000082900000| PB 0x0000000082900000| Untracked 
|  42|0x0000000082a00000, 0x0000000082b00000, 0x0000000082b00000|100%| O|  |TAMS 0x0000000082a00000| PB 0x0000000082a00000| Untracked 
|  43|0x0000000082b00000, 0x0000000082c00000, 0x0000000082c00000|100%| O|  |TAMS 0x0000000082b00000| PB 0x0000000082b00000| Untracked 
|  44|0x0000000082c00000, 0x0000000082d00000, 0x0000000082d00000|100%| O|  |TAMS 0x0000000082c00000| PB 0x0000000082c00000| Untracked 
|  45|0x0000000082d00000, 0x0000000082e00000, 0x0000000082e00000|100%| O|  |TAMS 0x0000000082d00000| PB 0x0000000082d00000| Untracked 
|  46|0x0000000082e00000, 0x0000000082f00000, 0x0000000082f00000|100%| O|  |TAMS 0x0000000082e00000| PB 0x0000000082e00000| Untracked 
|  47|0x0000000082f00000, 0x0000000083000000, 0x0000000083000000|100%| O|  |TAMS 0x0000000082f00000| PB 0x0000000082f00000| Untracked 
|  48|0x0000000083000000, 0x0000000083100000, 0x0000000083100000|100%| O|  |TAMS 0x0000000083000000| PB 0x0000000083000000| Untracked 
|  49|0x0000000083100000, 0x0000000083200000, 0x0000000083200000|100%| O|  |TAMS 0x0000000083100000| PB 0x0000000083100000| Untracked 
|  50|0x0000000083200000, 0x0000000083300000, 0x0000000083300000|100%| O|Cm|TAMS 0x0000000083200000| PB 0x0000000083200000| Complete 
|  51|0x0000000083300000, 0x0000000083400000, 0x0000000083400000|100%| O|  |TAMS 0x0000000083300000| PB 0x0000000083300000| Untracked 
|  52|0x0000000083400000, 0x0000000083500000, 0x0000000083500000|100%| O|  |TAMS 0x0000000083400000| PB 0x0000000083400000| Untracked 
|  53|0x0000000083500000, 0x0000000083600000, 0x0000000083600000|100%| O|  |TAMS 0x0000000083500000| PB 0x0000000083500000| Untracked 
|  54|0x0000000083600000, 0x0000000083700000, 0x0000000083700000|100%| O|  |TAMS 0x0000000083600000| PB 0x0000000083600000| Untracked 
|  55|0x0000000083700000, 0x0000000083800000, 0x0000000083800000|100%| O|  |TAMS 0x0000000083700000| PB 0x0000000083700000| Untracked 
|  56|0x0000000083800000, 0x0000000083900000, 0x0000000083900000|100%| O|  |TAMS 0x0000000083800000| PB 0x0000000083800000| Untracked 
|  57|0x0000000083900000, 0x0000000083a00000, 0x0000000083a00000|100%| O|  |TAMS 0x0000000083900000| PB 0x0000000083900000| Untracked 
|  58|0x0000000083a00000, 0x0000000083b00000, 0x0000000083b00000|100%| O|  |TAMS 0x0000000083a00000| PB 0x0000000083a00000| Untracked 
|  59|0x0000000083b00000, 0x0000000083c00000, 0x0000000083c00000|100%| O|  |TAMS 0x0000000083b00000| PB 0x0000000083b00000| Untracked 
|  60|0x0000000083c00000, 0x0000000083d00000, 0x0000000083d00000|100%| O|Cm|TAMS 0x0000000083c00000| PB 0x0000000083c00000| Complete 
|  61|0x0000000083d00000, 0x0000000083e00000, 0x0000000083e00000|100%| O|  |TAMS 0x0000000083d00000| PB 0x0000000083d00000| Untracked 
|  62|0x0000000083e00000, 0x0000000083f00000, 0x0000000083f00000|100%| O|  |TAMS 0x0000000083e00000| PB 0x0000000083e00000| Untracked 
|  63|0x0000000083f00000, 0x0000000084000000, 0x0000000084000000|100%| O|  |TAMS 0x0000000083f00000| PB 0x0000000083f00000| Untracked 
|  64|0x0000000084000000, 0x0000000084100000, 0x0000000084100000|100%| O|  |TAMS 0x0000000084000000| PB 0x0000000084000000| Untracked 
|  65|0x0000000084100000, 0x0000000084200000, 0x0000000084200000|100%| O|  |TAMS 0x0000000084100000| PB 0x0000000084100000| Untracked 
|  66|0x0000000084200000, 0x0000000084300000, 0x0000000084300000|100%| O|  |TAMS 0x0000000084200000| PB 0x0000000084200000| Untracked 
|  67|0x0000000084300000, 0x0000000084400000, 0x0000000084400000|100%| O|  |TAMS 0x0000000084300000| PB 0x0000000084300000| Untracked 
|  68|0x0000000084400000, 0x0000000084500000, 0x0000000084500000|100%| O|  |TAMS 0x0000000084400000| PB 0x0000000084400000| Untracked 
|  69|0x0000000084500000, 0x0000000084600000, 0x0000000084600000|100%| O|  |TAMS 0x0000000084500000| PB 0x0000000084500000| Untracked 
|  70|0x0000000084600000, 0x0000000084700000, 0x0000000084700000|100%| O|  |TAMS 0x0000000084600000| PB 0x0000000084600000| Untracked 
|  71|0x0000000084700000, 0x0000000084800000, 0x0000000084800000|100%| O|  |TAMS 0x0000000084700000| PB 0x0000000084700000| Untracked 
|  72|0x0000000084800000, 0x0000000084900000, 0x0000000084900000|100%| O|  |TAMS 0x0000000084800000| PB 0x0000000084800000| Untracked 
|  73|0x0000000084900000, 0x0000000084a00000, 0x0000000084a00000|100%| O|  |TAMS 0x0000000084900000| PB 0x0000000084900000| Untracked 
|  74|0x0000000084a00000, 0x0000000084b00000, 0x0000000084b00000|100%| O|  |TAMS 0x0000000084a00000| PB 0x0000000084a00000| Untracked 
|  75|0x0000000084b00000, 0x0000000084c00000, 0x0000000084c00000|100%| O|  |TAMS 0x0000000084b00000| PB 0x0000000084b00000| Untracked 
|  76|0x0000000084c00000, 0x0000000084d00000, 0x0000000084d00000|100%| O|  |TAMS 0x0000000084c00000| PB 0x0000000084c00000| Untracked 
|  77|0x0000000084d00000, 0x0000000084e00000, 0x0000000084e00000|100%| O|  |TAMS 0x0000000084d00000| PB 0x0000000084d00000| Untracked 
|  78|0x0000000084e00000, 0x0000000084f00000, 0x0000000084f00000|100%| O|  |TAMS 0x0000000084e00000| PB 0x0000000084e00000| Untracked 
|  79|0x0000000084f00000, 0x0000000085000000, 0x0000000085000000|100%| O|  |TAMS 0x0000000084f00000| PB 0x0000000084f00000| Untracked 
|  80|0x0000000085000000, 0x0000000085100000, 0x0000000085100000|100%| O|  |TAMS 0x0000000085000000| PB 0x0000000085000000| Untracked 
|  81|0x0000000085100000, 0x0000000085200000, 0x0000000085200000|100%| O|  |TAMS 0x0000000085100000| PB 0x0000000085100000| Untracked 
|  82|0x0000000085200000, 0x0000000085300000, 0x0000000085300000|100%| O|  |TAMS 0x0000000085200000| PB 0x0000000085200000| Untracked 
|  83|0x0000000085300000, 0x0000000085400000, 0x0000000085400000|100%| O|  |TAMS 0x0000000085300000| PB 0x0000000085300000| Untracked 
|  84|0x0000000085400000, 0x0000000085500000, 0x0000000085500000|100%| O|  |TAMS 0x0000000085400000| PB 0x0000000085400000| Untracked 
|  85|0x0000000085500000, 0x0000000085600000, 0x0000000085600000|100%| O|  |TAMS 0x0000000085500000| PB 0x0000000085500000| Untracked 
|  86|0x0000000085600000, 0x0000000085700000, 0x0000000085700000|100%| O|  |TAMS 0x0000000085600000| PB 0x0000000085600000| Untracked 
|  87|0x0000000085700000, 0x0000000085800000, 0x0000000085800000|100%| O|  |TAMS 0x0000000085700000| PB 0x0000000085700000| Untracked 
|  88|0x0000000085800000, 0x0000000085900000, 0x0000000085900000|100%| O|  |TAMS 0x0000000085800000| PB 0x0000000085800000| Untracked 
|  89|0x0000000085900000, 0x0000000085a00000, 0x0000000085a00000|100%|HS|  |TAMS 0x0000000085900000| PB 0x0000000085900000| Complete 
|  90|0x0000000085a00000, 0x0000000085b00000, 0x0000000085b00000|100%| O|  |TAMS 0x0000000085a00000| PB 0x0000000085a00000| Untracked 
|  91|0x0000000085b00000, 0x0000000085c00000, 0x0000000085c00000|100%| O|  |TAMS 0x0000000085b00000| PB 0x0000000085b00000| Untracked 
|  92|0x0000000085c00000, 0x0000000085d00000, 0x0000000085d00000|100%| O|  |TAMS 0x0000000085c00000| PB 0x0000000085c00000| Untracked 
|  93|0x0000000085d00000, 0x0000000085e00000, 0x0000000085e00000|100%| O|  |TAMS 0x0000000085d00000| PB 0x0000000085d00000| Untracked 
|  94|0x0000000085e00000, 0x0000000085ef62d0, 0x0000000085f00000| 96%| O|  |TAMS 0x0000000085e00000| PB 0x0000000085e00000| Untracked 
|  95|0x0000000085f00000, 0x0000000086000000, 0x0000000086000000|100%|HS|  |TAMS 0x0000000085f00000| PB 0x0000000085f00000| Complete 
|  96|0x0000000086000000, 0x0000000086100000, 0x0000000086100000|100%|HS|  |TAMS 0x0000000086000000| PB 0x0000000086000000| Complete 
|  97|0x0000000086100000, 0x0000000086200000, 0x0000000086200000|100%|HS|  |TAMS 0x0000000086100000| PB 0x0000000086100000| Complete 
|  98|0x0000000086200000, 0x0000000086300000, 0x0000000086300000|100%| O|  |TAMS 0x0000000086200000| PB 0x0000000086200000| Untracked 
|  99|0x0000000086300000, 0x0000000086400000, 0x0000000086400000|100%| O|  |TAMS 0x0000000086300000| PB 0x0000000086300000| Untracked 
| 100|0x0000000086400000, 0x0000000086500000, 0x0000000086500000|100%| O|Cm|TAMS 0x0000000086400000| PB 0x0000000086400000| Complete 
| 101|0x0000000086500000, 0x0000000086600000, 0x0000000086600000|100%|HS|  |TAMS 0x0000000086500000| PB 0x0000000086500000| Complete 
| 102|0x0000000086600000, 0x0000000086700000, 0x0000000086700000|100%|HS|  |TAMS 0x0000000086600000| PB 0x0000000086600000| Complete 
| 103|0x0000000086700000, 0x0000000086700000, 0x0000000086800000|  0%| F|  |TAMS 0x0000000086700000| PB 0x0000000086700000| Untracked 
| 104|0x0000000086800000, 0x0000000086800000, 0x0000000086900000|  0%| F|  |TAMS 0x0000000086800000| PB 0x0000000086800000| Untracked 
| 105|0x0000000086900000, 0x0000000086900000, 0x0000000086a00000|  0%| F|  |TAMS 0x0000000086900000| PB 0x0000000086900000| Untracked 
| 106|0x0000000086a00000, 0x0000000086a00000, 0x0000000086b00000|  0%| F|  |TAMS 0x0000000086a00000| PB 0x0000000086a00000| Untracked 
| 107|0x0000000086b00000, 0x0000000086b00000, 0x0000000086c00000|  0%| F|  |TAMS 0x0000000086b00000| PB 0x0000000086b00000| Untracked 
| 108|0x0000000086c00000, 0x0000000086c00000, 0x0000000086d00000|  0%| F|  |TAMS 0x0000000086c00000| PB 0x0000000086c00000| Untracked 
| 109|0x0000000086d00000, 0x0000000086d00000, 0x0000000086e00000|  0%| F|  |TAMS 0x0000000086d00000| PB 0x0000000086d00000| Untracked 
| 110|0x0000000086e00000, 0x0000000086e00000, 0x0000000086f00000|  0%| F|  |TAMS 0x0000000086e00000| PB 0x0000000086e00000| Untracked 
| 111|0x0000000086f00000, 0x0000000087000000, 0x0000000087000000|100%| S|CS|TAMS 0x0000000086f00000| PB 0x0000000086f00000| Complete 
| 112|0x0000000087000000, 0x0000000087100000, 0x0000000087100000|100%| S|CS|TAMS 0x0000000087000000| PB 0x0000000087000000| Complete 
| 113|0x0000000087100000, 0x0000000087200000, 0x0000000087200000|100%| S|CS|TAMS 0x0000000087100000| PB 0x0000000087100000| Complete 
| 114|0x0000000087200000, 0x0000000087300000, 0x0000000087300000|100%| S|CS|TAMS 0x0000000087200000| PB 0x0000000087200000| Complete 
| 115|0x0000000087300000, 0x0000000087400000, 0x0000000087400000|100%| S|CS|TAMS 0x0000000087300000| PB 0x0000000087300000| Complete 
| 116|0x0000000087400000, 0x0000000087500000, 0x0000000087500000|100%| S|CS|TAMS 0x0000000087400000| PB 0x0000000087400000| Complete 
| 117|0x0000000087500000, 0x0000000087600000, 0x0000000087600000|100%| S|CS|TAMS 0x0000000087500000| PB 0x0000000087500000| Complete 
| 118|0x0000000087600000, 0x0000000087700000, 0x0000000087700000|100%| S|CS|TAMS 0x0000000087600000| PB 0x0000000087600000| Complete 
| 119|0x0000000087700000, 0x0000000087700000, 0x0000000087800000|  0%| F|  |TAMS 0x0000000087700000| PB 0x0000000087700000| Untracked 
| 120|0x0000000087800000, 0x0000000087800000, 0x0000000087900000|  0%| F|  |TAMS 0x0000000087800000| PB 0x0000000087800000| Untracked 
| 121|0x0000000087900000, 0x0000000087900000, 0x0000000087a00000|  0%| F|  |TAMS 0x0000000087900000| PB 0x0000000087900000| Untracked 
| 122|0x0000000087a00000, 0x0000000087a00000, 0x0000000087b00000|  0%| F|  |TAMS 0x0000000087a00000| PB 0x0000000087a00000| Untracked 
| 123|0x0000000087b00000, 0x0000000087b00000, 0x0000000087c00000|  0%| F|  |TAMS 0x0000000087b00000| PB 0x0000000087b00000| Untracked 
| 124|0x0000000087c00000, 0x0000000087c00000, 0x0000000087d00000|  0%| F|  |TAMS 0x0000000087c00000| PB 0x0000000087c00000| Untracked 
| 125|0x0000000087d00000, 0x0000000087d00000, 0x0000000087e00000|  0%| F|  |TAMS 0x0000000087d00000| PB 0x0000000087d00000| Untracked 
| 126|0x0000000087e00000, 0x0000000087e00000, 0x0000000087f00000|  0%| F|  |TAMS 0x0000000087e00000| PB 0x0000000087e00000| Untracked 
| 127|0x0000000087f00000, 0x0000000087f00000, 0x0000000088000000|  0%| F|  |TAMS 0x0000000087f00000| PB 0x0000000087f00000| Untracked 
| 128|0x0000000088000000, 0x0000000088000000, 0x0000000088100000|  0%| F|  |TAMS 0x0000000088000000| PB 0x0000000088000000| Untracked 
| 129|0x0000000088100000, 0x0000000088100000, 0x0000000088200000|  0%| F|  |TAMS 0x0000000088100000| PB 0x0000000088100000| Untracked 
| 130|0x0000000088200000, 0x0000000088200000, 0x0000000088300000|  0%| F|  |TAMS 0x0000000088200000| PB 0x0000000088200000| Untracked 
| 131|0x0000000088300000, 0x0000000088300000, 0x0000000088400000|  0%| F|  |TAMS 0x0000000088300000| PB 0x0000000088300000| Untracked 
| 132|0x0000000088400000, 0x0000000088400000, 0x0000000088500000|  0%| F|  |TAMS 0x0000000088400000| PB 0x0000000088400000| Untracked 
| 133|0x0000000088500000, 0x0000000088500000, 0x0000000088600000|  0%| F|  |TAMS 0x0000000088500000| PB 0x0000000088500000| Untracked 
| 134|0x0000000088600000, 0x0000000088600000, 0x0000000088700000|  0%| F|  |TAMS 0x0000000088600000| PB 0x0000000088600000| Untracked 
| 135|0x0000000088700000, 0x0000000088700000, 0x0000000088800000|  0%| F|  |TAMS 0x0000000088700000| PB 0x0000000088700000| Untracked 
| 136|0x0000000088800000, 0x0000000088800000, 0x0000000088900000|  0%| F|  |TAMS 0x0000000088800000| PB 0x0000000088800000| Untracked 
| 137|0x0000000088900000, 0x0000000088900000, 0x0000000088a00000|  0%| F|  |TAMS 0x0000000088900000| PB 0x0000000088900000| Untracked 
| 138|0x0000000088a00000, 0x0000000088a00000, 0x0000000088b00000|  0%| F|  |TAMS 0x0000000088a00000| PB 0x0000000088a00000| Untracked 
| 139|0x0000000088b00000, 0x0000000088b00000, 0x0000000088c00000|  0%| F|  |TAMS 0x0000000088b00000| PB 0x0000000088b00000| Untracked 
| 140|0x0000000088c00000, 0x0000000088c00000, 0x0000000088d00000|  0%| F|  |TAMS 0x0000000088c00000| PB 0x0000000088c00000| Untracked 
| 141|0x0000000088d00000, 0x0000000088d00000, 0x0000000088e00000|  0%| F|  |TAMS 0x0000000088d00000| PB 0x0000000088d00000| Untracked 
| 142|0x0000000088e00000, 0x0000000088e00000, 0x0000000088f00000|  0%| F|  |TAMS 0x0000000088e00000| PB 0x0000000088e00000| Untracked 
| 143|0x0000000088f00000, 0x0000000088f00000, 0x0000000089000000|  0%| F|  |TAMS 0x0000000088f00000| PB 0x0000000088f00000| Untracked 
| 144|0x0000000089000000, 0x0000000089000000, 0x0000000089100000|  0%| F|  |TAMS 0x0000000089000000| PB 0x0000000089000000| Untracked 
| 145|0x0000000089100000, 0x0000000089100000, 0x0000000089200000|  0%| F|  |TAMS 0x0000000089100000| PB 0x0000000089100000| Untracked 
| 146|0x0000000089200000, 0x0000000089300000, 0x0000000089300000|100%| E|  |TAMS 0x0000000089200000| PB 0x0000000089200000| Complete 
| 147|0x0000000089300000, 0x0000000089400000, 0x0000000089400000|100%| E|CS|TAMS 0x0000000089300000| PB 0x0000000089300000| Complete 
| 148|0x0000000089400000, 0x0000000089500000, 0x0000000089500000|100%| E|CS|TAMS 0x0000000089400000| PB 0x0000000089400000| Complete 
| 149|0x0000000089500000, 0x0000000089600000, 0x0000000089600000|100%| E|CS|TAMS 0x0000000089500000| PB 0x0000000089500000| Complete 
| 150|0x0000000089600000, 0x0000000089700000, 0x0000000089700000|100%| E|CS|TAMS 0x0000000089600000| PB 0x0000000089600000| Complete 
| 151|0x0000000089700000, 0x0000000089800000, 0x0000000089800000|100%| E|CS|TAMS 0x0000000089700000| PB 0x0000000089700000| Complete 
| 152|0x0000000089800000, 0x0000000089900000, 0x0000000089900000|100%| E|CS|TAMS 0x0000000089800000| PB 0x0000000089800000| Complete 
| 153|0x0000000089900000, 0x0000000089a00000, 0x0000000089a00000|100%| E|CS|TAMS 0x0000000089900000| PB 0x0000000089900000| Complete 
| 154|0x0000000089a00000, 0x0000000089b00000, 0x0000000089b00000|100%| E|CS|TAMS 0x0000000089a00000| PB 0x0000000089a00000| Complete 
| 155|0x0000000089b00000, 0x0000000089c00000, 0x0000000089c00000|100%| E|CS|TAMS 0x0000000089b00000| PB 0x0000000089b00000| Complete 
| 156|0x0000000089c00000, 0x0000000089d00000, 0x0000000089d00000|100%| E|CS|TAMS 0x0000000089c00000| PB 0x0000000089c00000| Complete 
| 157|0x0000000089d00000, 0x0000000089e00000, 0x0000000089e00000|100%| E|CS|TAMS 0x0000000089d00000| PB 0x0000000089d00000| Complete 
| 158|0x0000000089e00000, 0x0000000089f00000, 0x0000000089f00000|100%| E|CS|TAMS 0x0000000089e00000| PB 0x0000000089e00000| Complete 
| 159|0x0000000089f00000, 0x000000008a000000, 0x000000008a000000|100%| E|CS|TAMS 0x0000000089f00000| PB 0x0000000089f00000| Complete 
| 160|0x000000008a000000, 0x000000008a100000, 0x000000008a100000|100%| E|CS|TAMS 0x000000008a000000| PB 0x000000008a000000| Complete 
| 161|0x000000008a100000, 0x000000008a200000, 0x000000008a200000|100%| E|CS|TAMS 0x000000008a100000| PB 0x000000008a100000| Complete 
| 162|0x000000008a200000, 0x000000008a300000, 0x000000008a300000|100%| E|CS|TAMS 0x000000008a200000| PB 0x000000008a200000| Complete 
| 163|0x000000008a300000, 0x000000008a400000, 0x000000008a400000|100%| E|CS|TAMS 0x000000008a300000| PB 0x000000008a300000| Complete 
| 164|0x000000008a400000, 0x000000008a500000, 0x000000008a500000|100%| E|CS|TAMS 0x000000008a400000| PB 0x000000008a400000| Complete 
| 165|0x000000008a500000, 0x000000008a600000, 0x000000008a600000|100%| E|CS|TAMS 0x000000008a500000| PB 0x000000008a500000| Complete 
| 166|0x000000008a600000, 0x000000008a700000, 0x000000008a700000|100%| E|CS|TAMS 0x000000008a600000| PB 0x000000008a600000| Complete 
| 167|0x000000008a700000, 0x000000008a800000, 0x000000008a800000|100%| E|CS|TAMS 0x000000008a700000| PB 0x000000008a700000| Complete 
| 168|0x000000008a800000, 0x000000008a900000, 0x000000008a900000|100%| E|CS|TAMS 0x000000008a800000| PB 0x000000008a800000| Complete 
| 169|0x000000008a900000, 0x000000008aa00000, 0x000000008aa00000|100%| E|CS|TAMS 0x000000008a900000| PB 0x000000008a900000| Complete 
| 170|0x000000008aa00000, 0x000000008ab00000, 0x000000008ab00000|100%| E|CS|TAMS 0x000000008aa00000| PB 0x000000008aa00000| Complete 
| 171|0x000000008ab00000, 0x000000008ac00000, 0x000000008ac00000|100%| E|CS|TAMS 0x000000008ab00000| PB 0x000000008ab00000| Complete 
| 172|0x000000008ac00000, 0x000000008ad00000, 0x000000008ad00000|100%| E|CS|TAMS 0x000000008ac00000| PB 0x000000008ac00000| Complete 
| 187|0x000000008bb00000, 0x000000008bc00000, 0x000000008bc00000|100%| E|CS|TAMS 0x000000008bb00000| PB 0x000000008bb00000| Complete 
|2032|0x00000000ff000000, 0x00000000ff100000, 0x00000000ff100000|100%| E|  |TAMS 0x00000000ff000000| PB 0x00000000ff000000| Complete 
|2033|0x00000000ff100000, 0x00000000ff200000, 0x00000000ff200000|100%| O|  |TAMS 0x00000000ff100000| PB 0x00000000ff100000| Untracked 
|2034|0x00000000ff200000, 0x00000000ff300000, 0x00000000ff300000|100%| O|  |TAMS 0x00000000ff200000| PB 0x00000000ff200000| Untracked 
|2035|0x00000000ff300000, 0x00000000ff400000, 0x00000000ff400000|100%| O|Cm|TAMS 0x00000000ff300000| PB 0x00000000ff300000| Complete 
|2036|0x00000000ff400000, 0x00000000ff500000, 0x00000000ff500000|100%| O|  |TAMS 0x00000000ff400000| PB 0x00000000ff400000| Untracked 
|2037|0x00000000ff500000, 0x00000000ff600000, 0x00000000ff600000|100%| E|CS|TAMS 0x00000000ff500000| PB 0x00000000ff500000| Complete 
|2038|0x00000000ff600000, 0x00000000ff700000, 0x00000000ff700000|100%| E|CS|TAMS 0x00000000ff600000| PB 0x00000000ff600000| Complete 
|2039|0x00000000ff700000, 0x00000000ff800000, 0x00000000ff800000|100%| O|  |TAMS 0x00000000ff700000| PB 0x00000000ff700000| Untracked 
|2040|0x00000000ff800000, 0x00000000ff900000, 0x00000000ff900000|100%| O|  |TAMS 0x00000000ff800000| PB 0x00000000ff800000| Untracked 
|2041|0x00000000ff900000, 0x00000000ffa00000, 0x00000000ffa00000|100%| O|  |TAMS 0x00000000ff900000| PB 0x00000000ff900000| Untracked 
|2042|0x00000000ffa00000, 0x00000000ffb00000, 0x00000000ffb00000|100%| O|  |TAMS 0x00000000ffa00000| PB 0x00000000ffa00000| Untracked 
|2043|0x00000000ffb00000, 0x00000000ffc00000, 0x00000000ffc00000|100%| O|  |TAMS 0x00000000ffb00000| PB 0x00000000ffb00000| Untracked 
|2044|0x00000000ffc00000, 0x00000000ffd00000, 0x00000000ffd00000|100%| O|  |TAMS 0x00000000ffc00000| PB 0x00000000ffc00000| Untracked 
|2045|0x00000000ffd00000, 0x00000000ffe00000, 0x00000000ffe00000|100%| O|  |TAMS 0x00000000ffd00000| PB 0x00000000ffd00000| Untracked 
|2046|0x00000000ffe00000, 0x00000000fff00000, 0x00000000fff00000|100%| O|  |TAMS 0x00000000ffe00000| PB 0x00000000ffe00000| Untracked 
|2047|0x00000000fff00000, 0x0000000100000000, 0x0000000100000000|100%| O|  |TAMS 0x00000000fff00000| PB 0x00000000fff00000| Untracked 

Card table byte_map: [0x0000029472780000,0x0000029472b80000] _byte_map_base: 0x0000029472380000

Marking Bits: (CMBitMap*) 0x000002945dc7d710
 Bits: [0x0000029472b80000, 0x0000029474b80000)

Polling page: 0x000002945f6b0000

Metaspace:

Usage:
  Non-class:    116.28 MB used.
      Class:     18.56 MB used.
       Both:    134.84 MB used.

Virtual space:
  Non-class space:      128.00 MB reserved,     117.62 MB ( 92%) committed,  2 nodes.
      Class space:        1.00 GB reserved,      19.94 MB (  2%) committed,  1 nodes.
             Both:        1.12 GB reserved,     137.56 MB ( 12%) committed. 

Chunk freelists:
   Non-Class:  10.06 MB
       Class:  12.11 MB
        Both:  22.17 MB

MaxMetaspaceSize: unlimited
CompressedClassSpaceSize: 1.00 GB
Initial GC threshold: 21.00 MB
Current GC threshold: 222.44 MB
CDS: off
 - commit_granule_bytes: 65536.
 - commit_granule_words: 8192.
 - virtual_space_node_default_size: 8388608.
 - enlarge_chunks_in_place: 1.
 - use_allocation_guard: 0.


Internal statistics:

num_allocs_failed_limit: 9.
num_arena_births: 5780.
num_arena_deaths: 10.
num_vsnodes_births: 3.
num_vsnodes_deaths: 0.
num_space_committed: 2198.
num_space_uncommitted: 0.
num_chunks_returned_to_freelist: 23.
num_chunks_taken_from_freelist: 12466.
num_chunk_merges: 6.
num_chunk_splits: 7793.
num_chunks_enlarged: 4470.
num_inconsistent_stats: 0.

CodeHeap 'non-profiled nmethods': size=120000Kb used=8003Kb max_used=8524Kb free=111996Kb
 bounds [0x000002946ab20000, 0x000002946b3a0000, 0x0000029472050000]
CodeHeap 'profiled nmethods': size=120000Kb used=21175Kb max_used=21175Kb free=98824Kb
 bounds [0x0000029463050000, 0x0000029464510000, 0x000002946a580000]
CodeHeap 'non-nmethods': size=5760Kb used=2054Kb max_used=2091Kb free=3705Kb
 bounds [0x000002946a580000, 0x000002946a7f0000, 0x000002946ab20000]
CodeCache: size=245760Kb, used=31232Kb, max_used=31790Kb, free=214525Kb
 total_blobs=11688, nmethods=10754, adapters=838, full_count=0
Compilation: enabled, stopped_count=0, restarted_count=0

Compilation events (20 events):
Event: 944.209 Thread 0x00000294778055d0 16657       3       org.gradle.api.internal.artifacts.ivyservice.resolveengine.graph.builder.ResolveState::lambda$getNode$1 (29 bytes)
Event: 944.209 Thread 0x00000294778055d0 nmethod 16657 0x00000294640aea10 code [0x00000294640aec00, 0x00000294640aeff8]
Event: 944.214 Thread 0x00000294778055d0 16665       3       org.gradle.api.internal.artifacts.ivyservice.modulecache.ModuleMetadataSerializer$Reader::readVariantDependencies (129 bytes)
Event: 944.215 Thread 0x00000294778055d0 nmethod 16665 0x00000294640ad490 code [0x00000294640ad740, 0x00000294640ae3a8]
Event: 944.215 Thread 0x00000294778055d0 16666       3       org.gradle.api.internal.artifacts.ivyservice.modulecache.ModuleMetadataSerializer$Reader::readVariantFiles (48 bytes)
Event: 944.215 Thread 0x00000294778055d0 nmethod 16666 0x00000294640acc10 code [0x00000294640ace00, 0x00000294640ad2b8]
Event: 944.215 Thread 0x00000294778055d0 16667       3       org.gradle.api.internal.artifacts.ivyservice.modulecache.ModuleMetadataSerializer$Reader::readVariantCapabilities (97 bytes)
Event: 944.215 Thread 0x00000294778055d0 nmethod 16667 0x00000294644f3810 code [0x00000294644f3a80, 0x00000294644f44b8]
Event: 944.216 Thread 0x00000294778055d0 16668       3       org.gradle.internal.component.external.model.AbstractMutableModuleComponentResolveMetadata$ImmutableVariantImpl::<init> (50 bytes)
Event: 944.216 Thread 0x00000294778055d0 nmethod 16668 0x00000294644f4890 code [0x00000294644f4a60, 0x00000294644f4e68]
Event: 944.216 Thread 0x00000294778055d0 16669       3       org.gradle.internal.component.external.model.AbstractLazyModuleComponentResolveMetadata::getAttributesFactory (5 bytes)
Event: 944.216 Thread 0x00000294778055d0 nmethod 16669 0x00000294640ac810 code [0x00000294640ac9a0, 0x00000294640acac0]
Event: 944.216 Thread 0x00000294778055d0 16670       3       org.gradle.internal.component.external.model.LazyVariantBackedConfigurationMetadata::<init> (26 bytes)
Event: 944.216 Thread 0x00000294778055d0 nmethod 16670 0x00000294644f4f90 code [0x00000294644f5160, 0x00000294644f5608]
Event: 944.220 Thread 0x00000294778055d0 16671       3       java.util.BitSet::recalculateWordsInUse (39 bytes)
Event: 944.220 Thread 0x00000294778055d0 nmethod 16671 0x00000294644f5790 code [0x00000294644f5940, 0x00000294644f5b68]
Event: 944.220 Thread 0x00000294778055d0 16672       3       java.util.BitSet::cardinality (32 bytes)
Event: 944.221 Thread 0x00000294778055d0 nmethod 16672 0x00000294644f5c90 code [0x00000294644f5e40, 0x00000294644f6078]
Event: 944.223 Thread 0x00000294778055d0 16673       2       java.util.stream.ReduceOps$3::getOpFlags (28 bytes)
Event: 944.223 Thread 0x00000294778055d0 nmethod 16673 0x00000294644f6190 code [0x00000294644f6340, 0x00000294644f64c0]

GC Heap History (20 events):
Event: 935.342 GC heap before
{Heap before GC invocations=41 (full 0):
 garbage-first heap   total 163840K, used 146318K [0x0000000080000000, 0x0000000100000000)
  region size 1024K, 56 young (57344K), 8 survivors (8192K)
 Metaspace       used 114805K, committed 117376K, reserved 1179648K
  class space    used 15740K, committed 17024K, reserved 1048576K
}
Event: 935.352 GC heap after
{Heap after GC invocations=42 (full 0):
 garbage-first heap   total 163840K, used 101892K [0x0000000080000000, 0x0000000100000000)
  region size 1024K, 5 young (5120K), 5 survivors (5120K)
 Metaspace       used 114805K, committed 117376K, reserved 1179648K
  class space    used 15740K, committed 17024K, reserved 1048576K
}
Event: 935.703 GC heap before
{Heap before GC invocations=42 (full 0):
 garbage-first heap   total 163840K, used 151044K [0x0000000080000000, 0x0000000100000000)
  region size 1024K, 54 young (55296K), 5 survivors (5120K)
 Metaspace       used 114873K, committed 117440K, reserved 1179648K
  class space    used 15740K, committed 17024K, reserved 1048576K
}
Event: 935.712 GC heap after
{Heap after GC invocations=43 (full 0):
 garbage-first heap   total 163840K, used 102501K [0x0000000080000000, 0x0000000100000000)
  region size 1024K, 3 young (3072K), 3 survivors (3072K)
 Metaspace       used 114873K, committed 117440K, reserved 1179648K
  class space    used 15740K, committed 17024K, reserved 1048576K
}
Event: 936.188 GC heap before
{Heap before GC invocations=43 (full 0):
 garbage-first heap   total 163840K, used 151653K [0x0000000080000000, 0x0000000100000000)
  region size 1024K, 52 young (53248K), 3 survivors (3072K)
 Metaspace       used 114973K, committed 117568K, reserved 1179648K
  class space    used 15752K, committed 17024K, reserved 1048576K
}
Event: 936.194 GC heap after
{Heap after GC invocations=44 (full 0):
 garbage-first heap   total 163840K, used 104364K [0x0000000080000000, 0x0000000100000000)
  region size 1024K, 5 young (5120K), 5 survivors (5120K)
 Metaspace       used 114973K, committed 117568K, reserved 1179648K
  class space    used 15752K, committed 17024K, reserved 1048576K
}
Event: 937.205 GC heap before
{Heap before GC invocations=45 (full 0):
 garbage-first heap   total 176128K, used 151468K [0x0000000080000000, 0x0000000100000000)
  region size 1024K, 52 young (53248K), 5 survivors (5120K)
 Metaspace       used 118290K, committed 120896K, reserved 1179648K
  class space    used 16132K, committed 17472K, reserved 1048576K
}
Event: 937.212 GC heap after
{Heap after GC invocations=46 (full 0):
 garbage-first heap   total 176128K, used 106315K [0x0000000080000000, 0x0000000100000000)
  region size 1024K, 5 young (5120K), 5 survivors (5120K)
 Metaspace       used 118290K, committed 120896K, reserved 1179648K
  class space    used 16132K, committed 17472K, reserved 1048576K
}
Event: 938.597 GC heap before
{Heap before GC invocations=46 (full 0):
 garbage-first heap   total 176128K, used 167755K [0x0000000080000000, 0x0000000100000000)
  region size 1024K, 61 young (62464K), 5 survivors (5120K)
 Metaspace       used 122424K, committed 125056K, reserved 1179648K
  class space    used 16715K, committed 18048K, reserved 1048576K
}
Event: 938.613 GC heap after
{Heap after GC invocations=47 (full 0):
 garbage-first heap   total 180224K, used 111154K [0x0000000080000000, 0x0000000100000000)
  region size 1024K, 8 young (8192K), 8 survivors (8192K)
 Metaspace       used 122424K, committed 125056K, reserved 1179648K
  class space    used 16715K, committed 18048K, reserved 1048576K
}
Event: 938.689 GC heap before
{Heap before GC invocations=47 (full 0):
 garbage-first heap   total 180224K, used 116274K [0x0000000080000000, 0x0000000100000000)
  region size 1024K, 14 young (14336K), 8 survivors (8192K)
 Metaspace       used 122430K, committed 125056K, reserved 1179648K
  class space    used 16715K, committed 18048K, reserved 1048576K
}
Event: 938.696 GC heap after
{Heap after GC invocations=48 (full 0):
 garbage-first heap   total 180224K, used 110532K [0x0000000080000000, 0x0000000100000000)
  region size 1024K, 2 young (2048K), 2 survivors (2048K)
 Metaspace       used 122430K, committed 125056K, reserved 1179648K
  class space    used 16715K, committed 18048K, reserved 1048576K
}
Event: 940.108 GC heap before
{Heap before GC invocations=49 (full 0):
 garbage-first heap   total 186368K, used 167876K [0x0000000080000000, 0x0000000100000000)
  region size 1024K, 58 young (59392K), 2 survivors (2048K)
 Metaspace       used 126151K, committed 128832K, reserved 1179648K
  class space    used 17204K, committed 18560K, reserved 1048576K
}
Event: 940.112 GC heap after
{Heap after GC invocations=50 (full 0):
 garbage-first heap   total 186368K, used 112945K [0x0000000080000000, 0x0000000100000000)
  region size 1024K, 4 young (4096K), 4 survivors (4096K)
 Metaspace       used 126151K, committed 128832K, reserved 1179648K
  class space    used 17204K, committed 18560K, reserved 1048576K
}
Event: 941.445 GC heap before
{Heap before GC invocations=50 (full 0):
 garbage-first heap   total 186368K, used 173361K [0x0000000080000000, 0x0000000100000000)
  region size 1024K, 64 young (65536K), 4 survivors (4096K)
 Metaspace       used 129802K, committed 132544K, reserved 1179648K
  class space    used 17735K, committed 19072K, reserved 1048576K
}
Event: 941.460 GC heap after
{Heap after GC invocations=51 (full 0):
 garbage-first heap   total 186368K, used 113770K [0x0000000080000000, 0x0000000100000000)
  region size 1024K, 7 young (7168K), 7 survivors (7168K)
 Metaspace       used 129802K, committed 132544K, reserved 1179648K
  class space    used 17735K, committed 19072K, reserved 1048576K
}
Event: 942.642 GC heap before
{Heap before GC invocations=51 (full 0):
 garbage-first heap   total 186368K, used 175210K [0x0000000080000000, 0x0000000100000000)
  region size 1024K, 67 young (68608K), 7 survivors (7168K)
 Metaspace       used 133690K, committed 136384K, reserved 1179648K
  class space    used 18419K, committed 19776K, reserved 1048576K
}
Event: 942.653 GC heap after
{Heap after GC invocations=52 (full 0):
 garbage-first heap   total 186368K, used 115998K [0x0000000080000000, 0x0000000100000000)
  region size 1024K, 5 young (5120K), 5 survivors (5120K)
 Metaspace       used 133690K, committed 136384K, reserved 1179648K
  class space    used 18419K, committed 19776K, reserved 1048576K
}
Event: 943.654 GC heap before
{Heap before GC invocations=53 (full 0):
 garbage-first heap   total 194560K, used 175390K [0x0000000080000000, 0x0000000100000000)
  region size 1024K, 63 young (64512K), 5 survivors (5120K)
 Metaspace       used 136292K, committed 139136K, reserved 1179648K
  class space    used 18832K, committed 20224K, reserved 1048576K
}
Event: 943.664 GC heap after
{Heap after GC invocations=54 (full 0):
 garbage-first heap   total 194560K, used 121816K [0x0000000080000000, 0x0000000100000000)
  region size 1024K, 8 young (8192K), 8 survivors (8192K)
 Metaspace       used 136292K, committed 139136K, reserved 1179648K
  class space    used 18832K, committed 20224K, reserved 1048576K
}

Dll operation events (3 events):
Event: 0.019 Loaded shared library C:\Program Files\Android\Android Studio\jbr\bin\java.dll
Event: 0.026 Loaded shared library C:\Program Files\Android\Android Studio\jbr\bin\zip.dll
Event: 0.964 Loaded shared library C:\Program Files\Android\Android Studio\jbr\bin\verify.dll

Deoptimization events (20 events):
Event: 943.969 Thread 0x0000029403372c30 Uncommon trap: trap_request=0xffffffc6 fr.pc=0x000002946b0a632c relative=0x000000000000152c
Event: 943.969 Thread 0x0000029403372c30 Uncommon trap: reason=bimorphic_or_optimized_type_check action=maybe_recompile pc=0x000002946b0a632c method=java.util.stream.ReduceOps.makeRef(Ljava/util/stream/Collector;)Ljava/util/stream/TerminalOp; @ 7 c2
Event: 943.969 Thread 0x0000029403372c30 DEOPT PACKING pc=0x000002946b0a632c sp=0x000000b5f58f9090
Event: 943.969 Thread 0x0000029403372c30 DEOPT UNPACKING pc=0x000002946a5d43a2 sp=0x000000b5f58f9000 mode 2
Event: 943.977 Thread 0x0000029403372c30 Uncommon trap: trap_request=0xffffffc6 fr.pc=0x000002946b0a632c relative=0x000000000000152c
Event: 943.977 Thread 0x0000029403372c30 Uncommon trap: reason=bimorphic_or_optimized_type_check action=maybe_recompile pc=0x000002946b0a632c method=java.util.stream.ReduceOps.makeRef(Ljava/util/stream/Collector;)Ljava/util/stream/TerminalOp; @ 7 c2
Event: 943.977 Thread 0x0000029403372c30 DEOPT PACKING pc=0x000002946b0a632c sp=0x000000b5f58f9090
Event: 943.977 Thread 0x0000029403372c30 DEOPT UNPACKING pc=0x000002946a5d43a2 sp=0x000000b5f58f9000 mode 2
Event: 943.996 Thread 0x0000029403372c30 Uncommon trap: trap_request=0xffffffc6 fr.pc=0x000002946afd25f4 relative=0x00000000000002f4
Event: 943.996 Thread 0x0000029403372c30 Uncommon trap: reason=bimorphic_or_optimized_type_check action=maybe_recompile pc=0x000002946afd25f4 method=com.google.common.collect.ImmutableList.copyOf(Ljava/util/Collection;)Lcom/google/common/collect/ImmutableList; @ 16 c2
Event: 943.996 Thread 0x0000029403372c30 DEOPT PACKING pc=0x000002946afd25f4 sp=0x000000b5f58f9910
Event: 943.996 Thread 0x0000029403372c30 DEOPT UNPACKING pc=0x000002946a5d43a2 sp=0x000000b5f58f98d8 mode 2
Event: 944.007 Thread 0x0000029403372c30 Uncommon trap: trap_request=0xffffff45 fr.pc=0x000002946afbbfc0 relative=0x0000000000000600
Event: 944.007 Thread 0x0000029403372c30 Uncommon trap: reason=unstable_if action=reinterpret pc=0x000002946afbbfc0 method=com.google.common.cache.LocalCache$Segment.recordWrite(Lcom/google/common/cache/ReferenceEntry;IJ)V @ 22 c2
Event: 944.007 Thread 0x0000029403372c30 DEOPT PACKING pc=0x000002946afbbfc0 sp=0x000000b5f58f9aa0
Event: 944.007 Thread 0x0000029403372c30 DEOPT UNPACKING pc=0x000002946a5d43a2 sp=0x000000b5f58f99c8 mode 2
Event: 944.011 Thread 0x0000029403372c30 Uncommon trap: trap_request=0xfffffff4 fr.pc=0x000002946b2b22e4 relative=0x000000000000a3a4
Event: 944.011 Thread 0x0000029403372c30 Uncommon trap: reason=null_check action=make_not_entrant pc=0x000002946b2b22e4 method=org.gradle.internal.instantiation.generator.AbstractClassGenerator$PropertyMetadata.addGetter(Lorg/gradle/internal/instantiation/generator/AbstractClassGenerator$MethodM
Event: 944.011 Thread 0x0000029403372c30 DEOPT PACKING pc=0x000002946b2b22e4 sp=0x000000b5f58f9fd0
Event: 944.011 Thread 0x0000029403372c30 DEOPT UNPACKING pc=0x000002946a5d43a2 sp=0x000000b5f58f9f50 mode 2

Classes loaded (20 events):
Event: 943.505 Loading class java/security/SecureClassLoaderBeanInfo
Event: 943.505 Loading class java/security/SecureClassLoaderBeanInfo done
Event: 943.505 Loading class java/security/SecureClassLoaderBeanInfo
Event: 943.505 Loading class java/security/SecureClassLoaderBeanInfo done
Event: 943.505 Loading class java/lang/ClassLoaderBeanInfo
Event: 943.505 Loading class java/lang/ClassLoaderBeanInfo done
Event: 943.505 Loading class java/lang/ClassLoaderBeanInfo
Event: 943.505 Loading class java/lang/ClassLoaderBeanInfo done
Event: 943.506 Loading class java/lang/ClassLoaderCustomizer
Event: 943.506 Loading class java/lang/ClassLoaderCustomizer done
Event: 943.506 Loading class java/lang/ClassLoaderCustomizer
Event: 943.506 Loading class java/lang/ClassLoaderCustomizer done
Event: 943.507 Loading class java/security/SecureClassLoaderCustomizer
Event: 943.507 Loading class java/security/SecureClassLoaderCustomizer done
Event: 943.507 Loading class java/security/SecureClassLoaderCustomizer
Event: 943.507 Loading class java/security/SecureClassLoaderCustomizer done
Event: 943.507 Loading class java/net/URLClassLoaderCustomizer
Event: 943.507 Loading class java/net/URLClassLoaderCustomizer done
Event: 943.507 Loading class java/net/URLClassLoaderCustomizer
Event: 943.507 Loading class java/net/URLClassLoaderCustomizer done

Classes unloaded (5 events):
Event: 11.877 Thread 0x0000029477783df0 Unloading class 0x00000001008a9000 'java/lang/invoke/LambdaForm$MH+0x00000001008a9000'
Event: 11.877 Thread 0x0000029477783df0 Unloading class 0x00000001008a8800 'java/lang/invoke/LambdaForm$DMH+0x00000001008a8800'
Event: 11.877 Thread 0x0000029477783df0 Unloading class 0x00000001008a8000 'java/lang/invoke/LambdaForm$DMH+0x00000001008a8000'
Event: 19.309 Thread 0x0000029477783df0 Unloading class 0x0000000100a89400 'java/lang/invoke/LambdaForm$MH+0x0000000100a89400'
Event: 19.309 Thread 0x0000029477783df0 Unloading class 0x0000000100a89800 'java/lang/invoke/LambdaForm$DMH+0x0000000100a89800'

Classes redefined (0 events):
No events

Internal exceptions (20 events):
Event: 944.027 Thread 0x0000029403372c30 Exception <a 'sun/nio/fs/WindowsException'{0x0000000089ce6370}> (0x0000000089ce6370) 
thrown [s\src\hotspot\share\prims\jni.cpp, line 537]
Event: 944.034 Thread 0x0000029403372c30 Exception <a 'sun/nio/fs/WindowsException'{0x0000000089b125f0}> (0x0000000089b125f0) 
thrown [s\src\hotspot\share\prims\jni.cpp, line 537]
Event: 944.038 Thread 0x0000029403372c30 Exception <a 'sun/nio/fs/WindowsException'{0x0000000089b34ad0}> (0x0000000089b34ad0) 
thrown [s\src\hotspot\share\prims\jni.cpp, line 537]
Event: 944.094 Thread 0x0000029403372c30 Exception <a 'sun/nio/fs/WindowsException'{0x000000008990ff80}> (0x000000008990ff80) 
thrown [s\src\hotspot\share\prims\jni.cpp, line 537]
Event: 944.123 Thread 0x0000029403372c30 Exception <a 'sun/nio/fs/WindowsException'{0x000000008989db98}> (0x000000008989db98) 
thrown [s\src\hotspot\share\prims\jni.cpp, line 537]
Event: 944.153 Thread 0x0000029403372c30 Exception <a 'sun/nio/fs/WindowsException'{0x000000008978abf0}> (0x000000008978abf0) 
thrown [s\src\hotspot\share\prims\jni.cpp, line 537]
Event: 944.156 Thread 0x0000029403372c30 Exception <a 'sun/nio/fs/WindowsException'{0x00000000897b3cf0}> (0x00000000897b3cf0) 
thrown [s\src\hotspot\share\prims\jni.cpp, line 537]
Event: 944.168 Thread 0x0000029403372c30 Exception <a 'sun/nio/fs/WindowsException'{0x000000008962de38}> (0x000000008962de38) 
thrown [s\src\hotspot\share\prims\jni.cpp, line 537]
Event: 944.170 Thread 0x0000029403372c30 Exception <a 'sun/nio/fs/WindowsException'{0x000000008964a8e8}> (0x000000008964a8e8) 
thrown [s\src\hotspot\share\prims\jni.cpp, line 537]
Event: 944.173 Thread 0x0000029403372c30 Exception <a 'sun/nio/fs/WindowsException'{0x0000000089679cf0}> (0x0000000089679cf0) 
thrown [s\src\hotspot\share\prims\jni.cpp, line 537]
Event: 944.175 Thread 0x0000029403372c30 Exception <a 'sun/nio/fs/WindowsException'{0x00000000896a4c78}> (0x00000000896a4c78) 
thrown [s\src\hotspot\share\prims\jni.cpp, line 537]
Event: 944.177 Thread 0x0000029403372c30 Exception <a 'sun/nio/fs/WindowsException'{0x00000000896b04b0}> (0x00000000896b04b0) 
thrown [s\src\hotspot\share\prims\jni.cpp, line 537]
Event: 944.182 Thread 0x0000029403372c30 Exception <a 'sun/nio/fs/WindowsException'{0x00000000896cb050}> (0x00000000896cb050) 
thrown [s\src\hotspot\share\prims\jni.cpp, line 537]
Event: 944.185 Thread 0x0000029403372c30 Exception <a 'sun/nio/fs/WindowsException'{0x00000000896e85c0}> (0x00000000896e85c0) 
thrown [s\src\hotspot\share\prims\jni.cpp, line 537]
Event: 944.209 Thread 0x0000029403372c30 Exception <a 'sun/nio/fs/WindowsException'{0x00000000895e8458}> (0x00000000895e8458) 
thrown [s\src\hotspot\share\prims\jni.cpp, line 537]
Event: 944.213 Thread 0x0000029403372c30 Exception <a 'sun/nio/fs/WindowsException'{0x00000000894056c0}> (0x00000000894056c0) 
thrown [s\src\hotspot\share\prims\jni.cpp, line 537]
Event: 944.216 Thread 0x0000029403372c30 Exception <a 'sun/nio/fs/WindowsException'{0x000000008941f5d0}> (0x000000008941f5d0) 
thrown [s\src\hotspot\share\prims\jni.cpp, line 537]
Event: 944.221 Thread 0x0000029403372c30 Exception <a 'sun/nio/fs/WindowsException'{0x0000000089442ef0}> (0x0000000089442ef0) 
thrown [s\src\hotspot\share\prims\jni.cpp, line 537]
Event: 944.223 Thread 0x0000029403372c30 Exception <a 'sun/nio/fs/WindowsException'{0x0000000089464e80}> (0x0000000089464e80) 
thrown [s\src\hotspot\share\prims\jni.cpp, line 537]
Event: 944.225 Thread 0x0000029403372c30 Exception <a 'sun/nio/fs/WindowsException'{0x000000008947f068}> (0x000000008947f068) 
thrown [s\src\hotspot\share\prims\jni.cpp, line 537]

ZGC Phase Switch (0 events):
No events

VM Operations (20 events):
Event: 940.108 Executing safepoint VM operation: G1CollectForAllocation (G1 Evacuation Pause)
Event: 940.112 Executing safepoint VM operation: G1CollectForAllocation (G1 Evacuation Pause) done
Event: 941.445 Executing safepoint VM operation: G1CollectForAllocation (G1 Evacuation Pause)
Event: 941.460 Executing safepoint VM operation: G1CollectForAllocation (G1 Evacuation Pause) done
Event: 942.642 Executing safepoint VM operation: G1CollectForAllocation (G1 Evacuation Pause)
Event: 942.653 Executing safepoint VM operation: G1CollectForAllocation (G1 Evacuation Pause) done
Event: 942.758 Executing safepoint VM operation: G1PauseRemark
Event: 942.765 Executing safepoint VM operation: G1PauseRemark done
Event: 942.823 Executing safepoint VM operation: G1PauseCleanup
Event: 942.823 Executing safepoint VM operation: G1PauseCleanup done
Event: 943.425 Executing safepoint VM operation: ICBufferFull
Event: 943.425 Executing safepoint VM operation: ICBufferFull done
Event: 943.654 Executing safepoint VM operation: G1CollectForAllocation (G1 Evacuation Pause)
Event: 943.664 Executing safepoint VM operation: G1CollectForAllocation (G1 Evacuation Pause) done
Event: 944.030 Executing non-safepoint VM operation: HandshakeAllThreads (Deoptimize)
Event: 944.030 Executing non-safepoint VM operation: HandshakeAllThreads (Deoptimize) done
Event: 944.043 Executing safepoint VM operation: ICBufferFull
Event: 944.043 Executing safepoint VM operation: ICBufferFull done
Event: 944.084 Executing non-safepoint VM operation: HandshakeAllThreads (Deoptimize)
Event: 944.084 Executing non-safepoint VM operation: HandshakeAllThreads (Deoptimize) done

Memory protections (0 events):
No events

Nmethod flushes (20 events):
Event: 942.763 Thread 0x0000029477783df0 flushing  nmethod 0x000002946397c310
Event: 942.763 Thread 0x0000029477783df0 flushing  nmethod 0x000002946397c790
Event: 942.763 Thread 0x0000029477783df0 flushing osr nmethod 0x0000029463aa2210
Event: 942.763 Thread 0x0000029477783df0 flushing osr nmethod 0x0000029463aa5310
Event: 942.763 Thread 0x0000029477783df0 flushing  nmethod 0x0000029463c2dd90
Event: 942.763 Thread 0x0000029477783df0 flushing  nmethod 0x0000029463c73e10
Event: 942.763 Thread 0x0000029477783df0 flushing  nmethod 0x000002946438db90
Event: 942.763 Thread 0x0000029477783df0 flushing  nmethod 0x0000029464391b10
Event: 942.763 Thread 0x0000029477783df0 flushing  nmethod 0x0000029464392510
Event: 942.763 Thread 0x0000029477783df0 flushing  nmethod 0x0000029463385b90
Event: 942.763 Thread 0x0000029477783df0 flushing  nmethod 0x00000294635b6a10
Event: 942.763 Thread 0x0000029477783df0 flushing  nmethod 0x000002946368ea10
Event: 942.763 Thread 0x0000029477783df0 flushing  nmethod 0x0000029463763310
Event: 942.763 Thread 0x0000029477783df0 flushing  nmethod 0x00000294638c6290
Event: 942.763 Thread 0x0000029477783df0 flushing  nmethod 0x00000294638c8990
Event: 942.763 Thread 0x0000029477783df0 flushing  nmethod 0x0000029463964390
Event: 942.763 Thread 0x0000029477783df0 flushing  nmethod 0x0000029463bb3390
Event: 942.763 Thread 0x0000029477783df0 flushing  nmethod 0x0000029463d2a490
Event: 942.763 Thread 0x0000029477783df0 flushing  nmethod 0x0000029463ffd690
Event: 942.763 Thread 0x0000029477783df0 flushing  nmethod 0x0000029464094a10

Events (20 events):
Event: 931.971 Thread 0x0000029403372c30 Thread added: 0x00000294013c3850
Event: 931.987 Thread 0x0000029403372c30 Thread added: 0x00000294013c3ee0
Event: 932.088 Thread 0x0000029403372c30 Thread added: 0x00000294013c5290
Event: 932.176 Thread 0x0000029403372c30 Thread added: 0x000002947f4899c0
Event: 932.261 Thread 0x0000029403372c30 Thread added: 0x000002947f48a6e0
Event: 932.512 Thread 0x0000029402d6db60 Thread exited: 0x0000029402d6db60
Event: 933.525 Thread 0x0000029477804f20 Thread added: 0x0000029402a2f550
Event: 933.738 Thread 0x0000029403372c30 Thread added: 0x0000029403e4b180
Event: 936.693 Thread 0x0000029402a2f550 Thread exited: 0x0000029402a2f550
Event: 937.047 Thread 0x0000029403372c30 Thread added: 0x000002947f4083a0
Event: 937.063 Thread 0x00000294778055d0 Thread added: 0x0000029402a2f550
Event: 937.787 Thread 0x0000029403372c30 Thread added: 0x000002947f404200
Event: 937.930 Thread 0x0000029402a2f550 Thread exited: 0x0000029402a2f550
Event: 938.363 Thread 0x00000294778055d0 Thread added: 0x000002947c3be3d0
Event: 939.758 Thread 0x000002947f6ae060 Thread exited: 0x000002947f6ae060
Event: 940.721 Thread 0x000002947c3be3d0 Thread exited: 0x000002947c3be3d0
Event: 941.235 Thread 0x00000294778055d0 Thread added: 0x000002947c3be3d0
Event: 941.908 Thread 0x000002947c3be3d0 Thread exited: 0x000002947c3be3d0
Event: 943.930 Thread 0x0000029403372c30 Thread added: 0x000002947f3e73f0
Event: 943.931 Thread 0x0000029403372c30 Thread added: 0x000002947f3e66d0


Dynamic libraries:
0x00007ff60b3b0000 - 0x00007ff60b3ba000 	C:\Program Files\Android\Android Studio\jbr\bin\java.exe
0x00007ffd86ef0000 - 0x00007ffd87108000 	C:\WINDOWS\SYSTEM32\ntdll.dll
0x00007ffd85ce0000 - 0x00007ffd85da4000 	C:\WINDOWS\System32\KERNEL32.DLL
0x00007ffd844d0000 - 0x00007ffd848a3000 	C:\WINDOWS\System32\KERNELBASE.dll
0x00007ffd84240000 - 0x00007ffd84351000 	C:\WINDOWS\System32\ucrtbase.dll
0x00007ffd53f90000 - 0x00007ffd53fa8000 	C:\Program Files\Android\Android Studio\jbr\bin\jli.dll
0x00007ffd7cc60000 - 0x00007ffd7cc7b000 	C:\Program Files\Android\Android Studio\jbr\bin\VCRUNTIME140.dll
0x00007ffd856b0000 - 0x00007ffd85862000 	C:\WINDOWS\System32\USER32.dll
0x00007ffd84030000 - 0x00007ffd84056000 	C:\WINDOWS\System32\win32u.dll
0x00007ffd85f70000 - 0x00007ffd85f99000 	C:\WINDOWS\System32\GDI32.dll
0x00007ffd60f80000 - 0x00007ffd6121c000 	C:\WINDOWS\WinSxS\amd64_microsoft.windows.common-controls_6595b64144ccf1df_6.0.22621.6060_none_2712eda17382d24b\COMCTL32.dll
0x00007ffd84a70000 - 0x00007ffd84b8b000 	C:\WINDOWS\System32\gdi32full.dll
0x00007ffd84060000 - 0x00007ffd840fa000 	C:\WINDOWS\System32\msvcp_win.dll
0x00007ffd85a80000 - 0x00007ffd85b27000 	C:\WINDOWS\System32\msvcrt.dll
0x00007ffd86500000 - 0x00007ffd86531000 	C:\WINDOWS\System32\IMM32.DLL
0x00007ffd64130000 - 0x00007ffd6413c000 	C:\Program Files\Android\Android Studio\jbr\bin\vcruntime140_1.dll
0x00007ffd04170000 - 0x00007ffd041fd000 	C:\Program Files\Android\Android Studio\jbr\bin\msvcp140.dll
0x00007ffce5d20000 - 0x00007ffce69b6000 	C:\Program Files\Android\Android Studio\jbr\bin\server\jvm.dll
0x00007ffd84b90000 - 0x00007ffd84c41000 	C:\WINDOWS\System32\ADVAPI32.dll
0x00007ffd85fa0000 - 0x00007ffd86048000 	C:\WINDOWS\System32\sechost.dll
0x00007ffd84000000 - 0x00007ffd84028000 	C:\WINDOWS\System32\bcrypt.dll
0x00007ffd86cc0000 - 0x00007ffd86dd8000 	C:\WINDOWS\System32\RPCRT4.dll
0x00007ffd86bb0000 - 0x00007ffd86c21000 	C:\WINDOWS\System32\WS2_32.dll
0x00007ffd79fc0000 - 0x00007ffd79ff4000 	C:\WINDOWS\SYSTEM32\WINMM.dll
0x00007ffd83ed0000 - 0x00007ffd83f1d000 	C:\WINDOWS\SYSTEM32\POWRPROF.dll
0x00007ffd70520000 - 0x00007ffd7052a000 	C:\WINDOWS\SYSTEM32\VERSION.dll
0x00007ffd83eb0000 - 0x00007ffd83ec3000 	C:\WINDOWS\SYSTEM32\UMPDC.dll
0x00007ffd82fb0000 - 0x00007ffd82fc8000 	C:\WINDOWS\SYSTEM32\kernel.appcore.dll
0x00007ffd64120000 - 0x00007ffd6412a000 	C:\Program Files\Android\Android Studio\jbr\bin\jimage.dll
0x00007ffd81540000 - 0x00007ffd81773000 	C:\WINDOWS\SYSTEM32\DBGHELP.DLL
0x00007ffd86050000 - 0x00007ffd863e1000 	C:\WINDOWS\System32\combase.dll
0x00007ffd85980000 - 0x00007ffd85a58000 	C:\WINDOWS\System32\OLEAUT32.dll
0x00007ffd63ed0000 - 0x00007ffd63f02000 	C:\WINDOWS\SYSTEM32\dbgcore.DLL
0x00007ffd849f0000 - 0x00007ffd84a6b000 	C:\WINDOWS\System32\bcryptPrimitives.dll
0x00007ffd80cd0000 - 0x00007ffd80cde000 	C:\Program Files\Android\Android Studio\jbr\bin\instrument.dll
0x00007ffd62260000 - 0x00007ffd62280000 	C:\Program Files\Android\Android Studio\jbr\bin\java.dll
0x00007ffd506e0000 - 0x00007ffd506f8000 	C:\Program Files\Android\Android Studio\jbr\bin\zip.dll
0x00007ffd84e10000 - 0x00007ffd856ac000 	C:\WINDOWS\System32\SHELL32.dll
0x00007ffd848b0000 - 0x00007ffd849ef000 	C:\WINDOWS\System32\wintypes.dll
0x00007ffd81eb0000 - 0x00007ffd827ca000 	C:\WINDOWS\SYSTEM32\windows.storage.dll
0x00007ffd85870000 - 0x00007ffd85974000 	C:\WINDOWS\System32\SHCORE.dll
0x00007ffd86e40000 - 0x00007ffd86ea9000 	C:\WINDOWS\System32\shlwapi.dll
0x00007ffd83f30000 - 0x00007ffd83f55000 	C:\WINDOWS\SYSTEM32\profapi.dll
0x00007ffd506d0000 - 0x00007ffd506e0000 	C:\Program Files\Android\Android Studio\jbr\bin\net.dll
0x00007ffd7fbc0000 - 0x00007ffd7fcec000 	C:\WINDOWS\SYSTEM32\WINHTTP.dll
0x00007ffd834a0000 - 0x00007ffd83509000 	C:\WINDOWS\system32\mswsock.dll
0x00007ffd2dee0000 - 0x00007ffd2def6000 	C:\Program Files\Android\Android Studio\jbr\bin\nio.dll
0x00007ffd279c0000 - 0x00007ffd279d0000 	C:\Program Files\Android\Android Studio\jbr\bin\verify.dll
0x00007ffd2c300000 - 0x00007ffd2c327000 	C:\Users\HP\.gradle\native\660c5614fbf4a5f2a75b1949f50a0caf5cd603558e7d8a26e50b933a0cfb79d1\windows-amd64\native-platform.dll
0x00007ffd2d3e0000 - 0x00007ffd2d457000 	C:\Users\HP\.gradle\native\0.2.8\x86_64-windows-gnu\gradle-fileevents.dll
0x00007ffd2cad0000 - 0x00007ffd2cad9000 	C:\Program Files\Android\Android Studio\jbr\bin\management.dll
0x00007ffd2cac0000 - 0x00007ffd2cacb000 	C:\Program Files\Android\Android Studio\jbr\bin\management_ext.dll
0x00007ffd86ba0000 - 0x00007ffd86ba8000 	C:\WINDOWS\System32\PSAPI.DLL
0x00007ffd82a30000 - 0x00007ffd82a5d000 	C:\WINDOWS\SYSTEM32\IPHLPAPI.DLL
0x00007ffd85f60000 - 0x00007ffd85f69000 	C:\WINDOWS\System32\NSI.dll
0x00007ffd3b010000 - 0x00007ffd3b019000 	C:\Program Files\Android\Android Studio\jbr\bin\extnet.dll
0x00007ffd83710000 - 0x00007ffd8372b000 	C:\WINDOWS\SYSTEM32\CRYPTSP.dll
0x00007ffd82f10000 - 0x00007ffd82f47000 	C:\WINDOWS\system32\rsaenh.dll
0x00007ffd835b0000 - 0x00007ffd835d8000 	C:\WINDOWS\SYSTEM32\USERENV.dll
0x00007ffd83730000 - 0x00007ffd8373c000 	C:\WINDOWS\SYSTEM32\CRYPTBASE.dll
0x00007ffd570c0000 - 0x00007ffd570c8000 	C:\WINDOWS\system32\wshunix.dll
0x00007ffd4c2a0000 - 0x00007ffd4c2b7000 	C:\WINDOWS\system32\napinsp.dll
0x00007ffd03180000 - 0x00007ffd0319b000 	C:\WINDOWS\system32\pnrpnsp.dll
0x00007ffd82aa0000 - 0x00007ffd82b98000 	C:\WINDOWS\SYSTEM32\DNSAPI.dll
0x00007ffd03160000 - 0x00007ffd03171000 	C:\WINDOWS\System32\winrnr.dll
0x00007ffd7a1f0000 - 0x00007ffd7a205000 	C:\WINDOWS\system32\wshbth.dll
0x00007ffd7ccc0000 - 0x00007ffd7cce1000 	C:\WINDOWS\system32\nlansp_c.dll
0x00007ffd7d530000 - 0x00007ffd7d53a000 	C:\Windows\System32\rasadhlp.dll
0x00007ffd794e0000 - 0x00007ffd79564000 	C:\WINDOWS\System32\fwpuclnt.dll
0x00007ffd5f8d0000 - 0x00007ffd5f8d7000 	C:\Program Files\Android\Android Studio\jbr\bin\rmi.dll

JVMTI agents:
C:\Users\HP\.gradle\wrapper\dists\gradle-9.4.1-bin\arn2x92ynaizyzdaamcbpbhtj\gradle-9.4.1\lib\agents\gradle-instrumentation-agent-9.4.1.jar path:C:\Program Files\Android\Android Studio\jbr\bin\instrument.dll, loaded, initialized, instrumentlib options:none

dbghelp: loaded successfully - version: 4.0.5 - missing functions: none
symbol engine: initialized successfully - sym options: 0x614 - pdb path: .;C:\Program Files\Android\Android Studio\jbr\bin;C:\WINDOWS\SYSTEM32;C:\WINDOWS\WinSxS\amd64_microsoft.windows.common-controls_6595b64144ccf1df_6.0.22621.6060_none_2712eda17382d24b;C:\Program Files\Android\Android Studio\jbr\bin\server;C:\Users\HP\.gradle\native\660c5614fbf4a5f2a75b1949f50a0caf5cd603558e7d8a26e50b933a0cfb79d1\windows-amd64;C:\Users\HP\.gradle\native\0.2.8\x86_64-windows-gnu

VM Arguments:
jvm_args: --add-opens=java.base/java.lang=ALL-UNNAMED --add-opens=java.base/java.lang.invoke=ALL-UNNAMED --add-opens=java.base/java.util=ALL-UNNAMED --add-opens=java.prefs/java.util.prefs=ALL-UNNAMED --add-exports=jdk.compiler/com.sun.tools.javac.api=ALL-UNNAMED --add-exports=jdk.compiler/com.sun.tools.javac.util=ALL-UNNAMED --add-opens=java.base/java.util=ALL-UNNAMED --add-opens=java.prefs/java.util.prefs=ALL-UNNAMED --add-opens=java.base/java.nio.charset=ALL-UNNAMED --add-opens=java.base/java.net=ALL-UNNAMED --add-opens=java.base/java.util.concurrent=ALL-UNNAMED --add-opens=java.base/java.util.concurrent.atomic=ALL-UNNAMED --add-opens=java.xml/javax.xml.namespace=ALL-UNNAMED --add-opens=java.base/java.time=ALL-UNNAMED -Xmx2048m -Dfile.encoding=UTF-8 -Duser.country=US -Duser.language=en -Duser.variant -javaagent:C:\Users\HP\.gradle\wrapper\dists\gradle-9.4.1-bin\arn2x92ynaizyzdaamcbpbhtj\gradle-9.4.1\lib\agents\gradle-instrumentation-agent-9.4.1.jar 
java_command: org.gradle.launcher.daemon.bootstrap.GradleDaemon 9.4.1
java_class_path (initial): C:\Users\HP\.gradle\wrapper\dists\gradle-9.4.1-bin\arn2x92ynaizyzdaamcbpbhtj\gradle-9.4.1\lib\gradle-daemon-main-9.4.1.jar
Launcher Type: SUN_STANDARD

[Global flags]
     intx CICompilerCount                          = 4                                         {product} {ergonomic}
     uint ConcGCThreads                            = 2                                         {product} {ergonomic}
     uint G1ConcRefinementThreads                  = 8                                         {product} {ergonomic}
   size_t G1HeapRegionSize                         = 1048576                                   {product} {ergonomic}
    uintx GCDrainStackTargetSize                   = 64                                        {product} {ergonomic}
   size_t InitialHeapSize                          = 197132288                                 {product} {ergonomic}
   size_t MarkStackSize                            = 4194304                                   {product} {ergonomic}
   size_t MaxHeapSize                              = 2147483648                                {product} {command line}
   size_t MaxNewSize                               = 1287651328                                {product} {ergonomic}
   size_t MinHeapDeltaBytes                        = 1048576                                   {product} {ergonomic}
   size_t MinHeapSize                              = 8388608                                   {product} {ergonomic}
    uintx NonNMethodCodeHeapSize                   = 5839372                                {pd product} {ergonomic}
    uintx NonProfiledCodeHeapSize                  = 122909434                              {pd product} {ergonomic}
    uintx ProfiledCodeHeapSize                     = 122909434                              {pd product} {ergonomic}
    uintx ReservedCodeCacheSize                    = 251658240                              {pd product} {ergonomic}
     bool SegmentedCodeCache                       = true                                      {product} {ergonomic}
   size_t SoftMaxHeapSize                          = 2147483648                             {manageable} {ergonomic}
     bool UseCompressedOops                        = true                           {product lp64_product} {ergonomic}
     bool UseG1GC                                  = true                                      {product} {ergonomic}
     bool UseLargePagesIndividualAllocation        = false                                  {pd product} {ergonomic}

Logging:
Log output configuration:
 #0: stdout all=warning uptime,level,tags foldmultilines=false
 #1: stderr all=off uptime,level,tags foldmultilines=false

Release file:
JAVA_VERSION="21.0.10" 
MODULES="java.base java.compiler java.datatransfer java.xml java.prefs java.desktop java.instrument java.logging java.management java.security.sasl java.naming java.rmi java.management.rmi java.net.http java.scripting java.security.jgss java.transaction.xa java.sql java.sql.rowset java.xml.crypto java.se java.smartcardio jdk.accessibility jdk.internal.jvmstat jdk.attach jdk.charsets jdk.internal.opt jdk.zipfs jdk.compiler jdk.crypto.ec jdk.crypto.cryptoki jdk.dynalink jdk.hotspot.agent jdk.httpserver jdk.internal.ed jdk.internal.le jdk.internal.vm.ci jdk.jartool jdk.javadoc jdk.jcmd jdk.jdeps jdk.jdwp.agent jdk.jdi jdk.jfr jdk.jlink jdk.jsobject jdk.localedata jdk.management jdk.management.agent jdk.management.jfr jdk.naming.dns jdk.naming.rmi jdk.net jdk.sctp jdk.security.auth jdk.security.jgss jdk.unsupported jdk.unsupported.desktop jdk.xml.dom" 
IMPLEMENTOR="JetBrains s.r.o." 
JAVA_RUNTIME_VERSION="21.0.10+-14961533-b1163.108" 
LIBC="default" 
OS_ARCH="x86_64" 
OS_NAME="Windows" 
SOURCE=".:git:1351622c2ff2" 

Environment Variables:
PATH=C:\Program Files\Microsoft\jdk-11.0.16.101-hotspot\bin;C:\WINDOWS\system32;C:\WINDOWS;C:\WINDOWS\System32\Wbem;C:\WINDOWS\System32\WindowsPowerShell\v1.0\;C:\WINDOWS\System32\OpenSSH\;C:\Program Files\Microsoft SQL Server\150\Tools\Binn\;C:\Program Files\Microsoft SQL Server\Client SDK\ODBC\170\Tools\Binn\;C:\Program Files\dotnet\;C:\Program Files (x86)\Windows Kits\10\Windows Performance Toolkit\;C:\Program Files (x86)\Microsoft SQL Server\160\Tools\Binn\;C:\Program Files\Microsoft SQL Server\160\Tools\Binn\;C:\Program Files\Microsoft SQL Server\160\DTS\Binn\;C:\Program Files\nodejs\;C:\composer;C:\Users\HP\AppData\Local\Programs\Python\Python312;C:\Users\HP\AppData\Local\Programs\Python\Python312\Scripts;C:\Program Files\Git\cmd;C:\Program Files (x86)\Microsoft SQL Server\160\DTS\Binn\;C:\Program Files\Azure Data Studio\bin;C:\Users\HP\AppData\Local\Programs\Python\Launcher\;C:\Users\HP\AppData\Local\Microsoft\WindowsApps;C:\Users\HP\.dotnet\tools;C:\Program Files\Azure Data Studio\bin;C:\Users\HP\AppData\Roaming\npm;C:\xampp\php;C:\Users\HP\AppData\Local\ComposerSetup\bin;C:\Users\HP\AppData\Roaming\Composer\vendor\bin;C:\Program Files\JetBrains\PyCharm Community Edition 2024.2.0.1\bin;;C:\Users\HP\AppData\Local\Programs\Ollama;C:\Program Files\Azure Data Studio\bin;D:\OTHER_SOFTWARES\flutter_windows_3.44.8-stable\flutter\bin;
USERNAME=HP
OS=Windows_NT
PROCESSOR_IDENTIFIER=Intel64 Family 6 Model 154 Stepping 4, GenuineIntel
TMP=C:\Users\HP\AppData\Local\Temp
TEMP=C:\Users\HP\AppData\Local\Temp




Periodic native trim disabled

JNI global refs:
JNI global refs: 29, weak refs: 11

JNI global refs memory usage: 835, weak refs: 833

Process memory usage:
Resident Set Size: 523052K (4% of 12246504K total physical memory with 390336K free physical memory)

OOME stack traces (most recent first):
Classloader memory used:
Loader org.gradle.internal.classloader.VisitableURLClassLoader                         : 49159K
Loader org.gradle.internal.classloader.VisitableURLClassLoader$InstrumentingVisitableURLClassLoader: 39215K
Loader bootstrap                                                                       : 31351K
Loader org.gradle.initialization.MixInLegacyTypesClassLoader                           : 16026K
Loader jdk.internal.reflect.DelegatingClassLoader                                      : 1589K
Loader org.gradle.internal.classloader.VisitableURLClassLoader                         : 227K
Loader jdk.internal.loader.ClassLoaders$AppClassLoader                                 : 197K
Loader org.gradle.groovy.scripts.internal.DefaultScriptCompilationHandler$ScriptClassLoader: 157K
Loader jdk.internal.loader.ClassLoaders$PlatformClassLoader                            : 149K
Loader sun.reflect.misc.MethodUtil                                                     : 2984B

Classes loaded by more than one classloader:
Class Program                                                                         : loaded 5 times (x 72B)
Class Build_gradle                                                                    : loaded 3 times (x 126B)
Class com.google.common.base.Equivalence$Identity                                     : loaded 2 times (x 82B)
Class org.gradle.internal.classloader.FilteringClassLoader                            : loaded 2 times (x 105B)
Class com.google.common.base.CharMatcher$IsEither                                     : loaded 2 times (x 111B)
Class org.gradle.internal.classloader.ClassLoaderHierarchy                            : loaded 2 times (x 70B)
Class com.google.common.collect.ImmutableEnumSet                                      : loaded 2 times (x 146B)
Class com.google.common.collect.ImmutableList$1                                       : loaded 2 times (x 97B)
Class com.google.common.util.concurrent.ExecutionError                                : loaded 2 times (x 82B)
Class com.google.common.collect.AbstractMapBasedMultimap$WrappedCollection            : loaded 2 times (x 124B)
Class com.google.common.collect.RegularImmutableMap                                   : loaded 2 times (x 121B)
Class com.google.common.collect.ImmutableMap$MapViewOfValuesAsSingletonSets           : loaded 2 times (x 126B)
Class [Lorg.objectweb.asm.Symbol;                                                     : loaded 2 times (x 69B)
Class org.objectweb.asm.ClassVisitor                                                  : loaded 2 times (x 88B)
Class com.google.common.reflect.TypeCapture                                           : loaded 2 times (x 71B)
Class com.google.common.collect.UnmodifiableListIterator                              : loaded 2 times (x 95B)
Class org.objectweb.asm.MethodTooLargeException                                       : loaded 2 times (x 83B)
Class com.google.common.base.Platform$JdkPatternCompiler                              : loaded 2 times (x 75B)
Class [Lcom.google.common.cache.CacheBuilder$OneWeigher;                              : loaded 2 times (x 69B)
Class com.google.common.base.Suppliers                                                : loaded 2 times (x 71B)
Class org.gradle.internal.classloader.DefaultClassLoaderFactory                       : loaded 2 times (x 82B)
Class org.gradle.internal.classloader.ClassLoaderVisitor                              : loaded 2 times (x 76B)
Class [Lcom.google.common.collect.ImmutableMapEntry;                                  : loaded 2 times (x 69B)
Class com.google.common.collect.ImmutableEnumMap                                      : loaded 2 times (x 126B)
Class com.google.common.collect.ListMultimap                                          : loaded 2 times (x 70B)
Class ijKotlinCoroutineJvmDebugInit1_buww37xxpwyrlogzp1suct069$_run_closure1          : loaded 2 times (x 139B)
Class com.google.common.collect.Sets$1                                                : loaded 2 times (x 139B)
Class org.objectweb.asm.AnnotationVisitor                                             : loaded 2 times (x 78B)
Class com.google.common.collect.ImmutableSet$SerializedForm                           : loaded 2 times (x 73B)
Class org.gradle.api.internal.DefaultClassPathProvider                                : loaded 2 times (x 76B)
Class com.google.common.collect.Sets$2                                                : loaded 2 times (x 139B)
Class [Lorg.gradle.api.internal.ClassPathProvider;                                    : loaded 2 times (x 69B)
Class org.gradle.api.internal.ClassPathProvider                                       : loaded 2 times (x 70B)
Class [Lorg.objectweb.asm.AnnotationVisitor;                                          : loaded 2 times (x 69B)
Class com.google.common.collect.Sets$3                                                : loaded 2 times (x 139B)
Class com.google.common.reflect.Types$ClassOwnership$1                                : loaded 2 times (x 80B)
Class com.google.common.cache.LocalCache$LocalLoadingCache                            : loaded 2 times (x 134B)
Class org.gradle.internal.service.UnknownServiceException                             : loaded 2 times (x 83B)
Class com.google.common.collect.Sets$4                                                : loaded 2 times (x 139B)
Class org.objectweb.asm.ModuleVisitor                                                 : loaded 2 times (x 81B)
Class com.google.common.reflect.Types$ClassOwnership$2                                : loaded 2 times (x 80B)
Class com.google.common.reflect.TypeResolver                                          : loaded 2 times (x 72B)
Class com.google.common.cache.LocalCache$Strength$1                                   : loaded 2 times (x 81B)
Class com.google.common.reflect.Types$ClassOwnership$3                                : loaded 2 times (x 71B)
Class com.google.common.util.concurrent.SettableFuture                                : loaded 2 times (x 114B)
Class com.google.common.cache.LocalCache$Strength$2                                   : loaded 2 times (x 81B)
Class com.google.common.cache.LocalCache$Strength$3                                   : loaded 2 times (x 81B)
Class com.google.common.collect.MapDifference                                         : loaded 2 times (x 70B)
Class org.objectweb.asm.FieldWriter                                                   : loaded 2 times (x 78B)
Class com.google.common.reflect.Invokable                                             : loaded 2 times (x 103B)
Class com.google.common.cache.CacheBuilder$NullListener                               : loaded 2 times (x 82B)
Class org.gradle.internal.classpath.TransformedClassPath                              : loaded 2 times (x 96B)
Class org.gradle.internal.classloader.InstrumentingClassLoader                        : loaded 2 times (x 70B)
Class com.google.common.reflect.Types$ParameterizedTypeImpl                           : loaded 2 times (x 81B)
Class com.google.common.collect.Iterators$ArrayItr                                    : loaded 2 times (x 97B)
Class com.google.common.cache.CacheLoader$FunctionToCacheLoader                       : loaded 2 times (x 75B)
Class com.google.common.collect.ImmutableCollection$Builder                           : loaded 2 times (x 76B)
Class com.google.common.reflect.TypeResolver$TypeVariableKey                          : loaded 2 times (x 72B)
Class com.google.common.base.Joiner                                                   : loaded 2 times (x 79B)
Class com.google.common.base.PairwiseEquivalence                                      : loaded 2 times (x 83B)
Class [Lorg.objectweb.asm.Type;                                                       : loaded 2 times (x 69B)
Class com.google.common.collect.Platform                                              : loaded 2 times (x 71B)
Class com.google.common.collect.UnmodifiableIterator                                  : loaded 2 times (x 80B)
Class org.gradle.internal.service.ServiceLocator                                      : loaded 2 times (x 70B)
Class com.google.common.base.Ascii                                                    : loaded 2 times (x 71B)
Class com.google.common.collect.SingletonImmutableBiMap                               : loaded 2 times (x 143B)
Class com.google.common.collect.Iterators$SingletonIterator                           : loaded 2 times (x 81B)
Class com.google.common.cache.LocalCache$1                                            : loaded 2 times (x 89B)
Class com.google.common.collect.AbstractMapEntry                                      : loaded 2 times (x 81B)
Class com.google.common.collect.Sets$ImprovedAbstractSet                              : loaded 2 times (x 135B)
Class com.google.common.reflect.TypeToken$SimpleTypeToken                             : loaded 2 times (x 73B)
Class com.google.common.collect.ImmutableList$Builder                                 : loaded 2 times (x 77B)
Class com.google.common.cache.LocalCache$2                                            : loaded 2 times (x 142B)
Class com.google.common.collect.AbstractMultimap                                      : loaded 2 times (x 123B)
Class com.google.common.collect.RegularImmutableAsList                                : loaded 2 times (x 217B)
Class com.google.common.util.concurrent.AbstractFuture$Trusted                        : loaded 2 times (x 70B)
Class com.google.common.collect.Iterators                                             : loaded 2 times (x 71B)
Class org.gradle.kotlin.dsl.VersionCatalogAccessorsKt                                 : loaded 2 times (x 71B)
Class ijKotlinCoroutineJvmDebugInit1_buww37xxpwyrlogzp1suct069$_run_closure1$_closure2: loaded 2 times (x 139B)
Class com.google.common.collect.Lists$StringAsImmutableList                           : loaded 2 times (x 207B)
Class com.google.common.util.concurrent.UncheckedExecutionException                   : loaded 2 times (x 82B)
Class com.google.common.collect.AbstractMapBasedMultimap$KeySet$1                     : loaded 2 times (x 82B)
Class org.objectweb.asm.ClassWriter                                                   : loaded 2 times (x 106B)
Class com.google.common.base.CharMatcher$And                                          : loaded 2 times (x 112B)
Class com.google.common.cache.CacheLoader$UnsupportedLoadingOperationException        : loaded 2 times (x 82B)
Class com.google.common.base.Objects                                                  : loaded 2 times (x 71B)
Class org.objectweb.asm.FieldVisitor                                                  : loaded 2 times (x 77B)
Class com.google.common.collect.IndexedImmutableSet                                   : loaded 2 times (x 152B)
Class com.google.common.collect.ImmutableMap$1                                        : loaded 2 times (x 81B)
Class com.google.common.collect.BiMap                                                 : loaded 2 times (x 70B)
Class org.gradle.api.internal.classpath.DefaultModuleRegistry$DefaultModule           : loaded 2 times (x 82B)
Class com.google.common.primitives.Ints                                               : loaded 2 times (x 71B)
Class com.google.common.reflect.Reflection                                            : loaded 2 times (x 71B)
Class com.google.common.collect.AbstractIterator                                      : loaded 2 times (x 82B)
Class com.google.common.math.MathPreconditions                                        : loaded 2 times (x 71B)
Class com.google.common.collect.ObjectArrays                                          : loaded 2 times (x 71B)
Class com.google.common.collect.AbstractIndexedListIterator                           : loaded 2 times (x 96B)
Class com.google.common.collect.ArrayListMultimapGwtSerializationDependencies         : loaded 2 times (x 172B)
Class com.google.common.collect.Multiset                                              : loaded 2 times (x 70B)
Class com.google.common.collect.ImmutableMapEntrySet                                  : loaded 2 times (x 152B)
Class org.gradle.api.internal.classpath.Module                                        : loaded 2 times (x 70B)
Class com.google.common.cache.Weigher                                                 : loaded 2 times (x 70B)
Class org.gradle.api.internal.classpath.UnknownModuleException                        : loaded 2 times (x 82B)
Class com.google.common.base.Stopwatch                                                : loaded 2 times (x 72B)
Class com.google.common.cache.LocalCache$Strength                                     : loaded 2 times (x 81B)
Class com.google.common.cache.Cache                                                   : loaded 2 times (x 70B)
Class com.google.common.collect.ImmutableMap$Builder                                  : loaded 2 times (x 82B)
Class com.google.common.util.concurrent.AbstractFuture$Cancellation                   : loaded 2 times (x 72B)
Class com.google.common.cache.RemovalListener                                         : loaded 2 times (x 70B)
Class org.gradle.api.internal.DefaultClassPathRegistry                                : loaded 2 times (x 76B)
Class com.google.common.primitives.IntsMethodsForWeb                                  : loaded 2 times (x 71B)
Class com.google.common.reflect.Invokable$ConstructorInvokable                        : loaded 2 times (x 107B)
Class com.google.common.collect.Multimap                                              : loaded 2 times (x 70B)
Class org.gradle.internal.classpath.DefaultClassPath$ImmutableUniqueList              : loaded 2 times (x 199B)
Class org.gradle.api.internal.ClassPathRegistry                                       : loaded 2 times (x 70B)
Class com.google.common.base.ExtraObjectsMethodsForWeb                                : loaded 2 times (x 71B)
Class com.google.common.reflect.TypeToken                                             : loaded 2 times (x 73B)
Class com.google.common.base.MoreObjects                                              : loaded 2 times (x 71B)
Class Settings_gradle$1                                                               : loaded 2 times (x 74B)
Class com.google.common.collect.SingletonImmutableList                                : loaded 2 times (x 207B)
Class com.google.common.cache.CacheBuilder                                            : loaded 2 times (x 72B)
Class org.gradle.internal.classpath.ClassPath                                         : loaded 2 times (x 70B)
Class [Lcom.google.common.reflect.Types$JavaVersion;                                  : loaded 2 times (x 69B)
Class com.google.common.collect.ImmutableList$ReverseImmutableList                    : loaded 2 times (x 209B)
Class com.google.common.base.JdkPattern                                               : loaded 2 times (x 75B)
Class com.google.errorprone.annotations.DoNotMock                                     : loaded 2 times (x 70B)
Class org.objectweb.asm.SymbolTable$Entry                                             : loaded 2 times (x 74B)
Class org.gradle.api.internal.classpath.DefaultModuleRegistry$DefaultModuleAlias      : loaded 2 times (x 80B)
Class org.gradle.internal.Factory                                                     : loaded 2 times (x 70B)
Class ijJvmDebugger1_cczc8vxz7m3kxxnoaqupzk0hw$_run_closure1$_closure2                : loaded 2 times (x 140B)
Class org.objectweb.asm.Edge                                                          : loaded 2 times (x 72B)
Class com.google.common.collect.Iterators$1                                           : loaded 2 times (x 81B)
Class com.google.common.base.Suppliers$SupplierOfInstance                             : loaded 2 times (x 79B)
Class com.google.common.reflect.TypeToken$1                                           : loaded 2 times (x 110B)
Class com.google.common.cache.LocalCache$ComputingValueReference                      : loaded 2 times (x 96B)
Class com.google.common.collect.ImmutableMap$IteratorBasedImmutableMap                : loaded 2 times (x 126B)
Class com.google.common.collect.SingletonImmutableSet                                 : loaded 2 times (x 146B)
Class com.google.common.reflect.TypeToken$2                                           : loaded 2 times (x 110B)
Class com.google.common.cache.LocalCache$Segment                                      : loaded 2 times (x 154B)
Class [Lorg.objectweb.asm.SymbolTable$Entry;                                          : loaded 2 times (x 69B)
Class com.google.common.collect.ImmutableBiMap                                        : loaded 2 times (x 143B)
Class com.google.common.collect.Iterators$4                                           : loaded 2 times (x 82B)
Class com.google.common.cache.CacheLoader                                             : loaded 2 times (x 74B)
Class com.google.common.collect.AbstractListMultimap                                  : loaded 2 times (x 172B)
Class org.gradle.api.internal.classpath.ModuleRegistry                                : loaded 2 times (x 70B)
Class org.gradle.internal.installation.GradleInstallation$1                           : loaded 2 times (x 75B)
Class com.google.common.collect.ImmutableSet$JdkBackedSetBuilderImpl                  : loaded 2 times (x 76B)
Class com.google.common.util.concurrent.internal.InternalFutureFailureAccess          : loaded 2 times (x 72B)
Class com.google.common.collect.Iterators$5                                           : loaded 2 times (x 82B)
Class com.google.common.base.CharMatcher$ForPredicate                                 : loaded 2 times (x 112B)
Class com.google.common.cache.LocalCache$LocalManualCache$1                           : loaded 2 times (x 75B)
Class com.google.common.base.CharMatcher$AnyOf                                        : loaded 2 times (x 112B)
Class com.google.common.collect.ImmutableCollection                                   : loaded 2 times (x 125B)
Class org.gradle.api.internal.classpath.DefaultModuleRegistry                         : loaded 2 times (x 84B)
Class com.google.common.collect.Lists                                                 : loaded 2 times (x 71B)
Class com.google.common.util.concurrent.ListenableFuture                              : loaded 2 times (x 70B)
Class com.google.common.cache.ReferenceEntry                                          : loaded 2 times (x 70B)
Class com.google.common.base.Converter                                                : loaded 2 times (x 90B)
Class com.google.common.collect.ImmutableSet$CachingAsList                            : loaded 2 times (x 148B)
Class com.google.common.collect.Iterators$9                                           : loaded 2 times (x 81B)
Class com.google.common.util.concurrent.AbstractFuture                                : loaded 2 times (x 106B)
Class com.google.common.base.FunctionalEquivalence                                    : loaded 2 times (x 83B)
Class com.google.common.collect.AbstractMapBasedMultimap                              : loaded 2 times (x 139B)
Class com.google.common.collect.ImmutableAsList                                       : loaded 2 times (x 209B)
Class org.objectweb.asm.RecordComponentVisitor                                        : loaded 2 times (x 77B)
Class com.google.common.reflect.TypeResolver$TypeTable                                : loaded 2 times (x 73B)
Class com.google.common.cache.CacheLoader$SupplierToCacheLoader                       : loaded 2 times (x 75B)
Class com.google.common.reflect.TypeResolver$TypeTable$1                              : loaded 2 times (x 73B)
Class org.gradle.internal.service.ServiceLookupException                              : loaded 2 times (x 82B)
Class [Lcom.google.common.cache.LocalCache$EntryFactory;                              : loaded 2 times (x 69B)
Class org.gradle.internal.classloader.ClassLoaderFactory                              : loaded 2 times (x 70B)
Class com.google.common.base.CharMatcher$IsNot                                        : loaded 2 times (x 111B)
Class com.google.common.base.CommonPattern                                            : loaded 2 times (x 74B)
Class com.google.common.cache.LocalCache$LocalManualCache                             : loaded 2 times (x 99B)
Class org.gradle.internal.service.CachingServiceLocator                               : loaded 2 times (x 82B)
Class com.google.common.collect.AbstractMapBasedMultimap$KeySet                       : loaded 2 times (x 137B)
Class com.google.common.math.IntMath                                                  : loaded 2 times (x 71B)
Class com.google.common.reflect.Types$TypeVariableInvocationHandler                   : loaded 2 times (x 75B)
Class com.google.common.collect.ImmutableMapEntry                                     : loaded 2 times (x 85B)
Class com.google.common.collect.ImmutableMapEntry$NonTerminalImmutableMapEntry        : loaded 2 times (x 85B)
Class com.google.common.base.Equivalence                                              : loaded 2 times (x 82B)
Class com.google.common.base.Function                                                 : loaded 2 times (x 70B)
Class com.google.common.collect.RegularImmutableList                                  : loaded 2 times (x 213B)
Class com.google.common.cache.CacheBuilder$OneWeigher                                 : loaded 2 times (x 82B)
Class com.google.common.reflect.Types$ClassOwnership$1LocalClass                      : loaded 2 times (x 71B)
Class org.gradle.internal.classloader.ClasspathUtil                                   : loaded 2 times (x 71B)
Class com.google.common.util.concurrent.Uninterruptibles                              : loaded 2 times (x 71B)
Class com.google.common.util.concurrent.LazyLogger                                    : loaded 2 times (x 72B)
Class com.google.common.collect.Maps                                                  : loaded 2 times (x 71B)
Class org.gradle.api.specs.Spec                                                       : loaded 2 times (x 70B)
Class com.google.common.reflect.Types$JavaVersion                                     : loaded 2 times (x 83B)
Class [Lcom.google.common.collect.ImmutableEntry;                                     : loaded 2 times (x 69B)
Class ijKotlinCoroutineJvmDebugInit1_buww37xxpwyrlogzp1suct069                        : loaded 2 times (x 171B)
Class ijJvmDebugger1_cczc8vxz7m3kxxnoaqupzk0hw                                        : loaded 2 times (x 171B)
Class com.google.common.cache.LocalCache$LoadingValueReference                        : loaded 2 times (x 96B)
Class com.google.common.reflect.Invokable$MethodInvokable                             : loaded 2 times (x 107B)
Class com.google.common.base.Platform                                                 : loaded 2 times (x 71B)
Class [Lorg.objectweb.asm.AnnotationWriter;                                           : loaded 2 times (x 69B)
Class com.google.common.collect.Maps$8                                                : loaded 2 times (x 82B)
Class com.google.common.collect.Sets$SetView                                          : loaded 2 times (x 138B)
Class com.google.common.cache.LocalCache$StrongValueReference                         : loaded 2 times (x 90B)
Class org.objectweb.asm.Type                                                          : loaded 2 times (x 72B)
Class org.gradle.internal.classloader.VisitableURLClassLoader$InstrumentingVisitableURLClassLoader: loaded 2 times (x 123B)
Class org.objectweb.asm.ByteVector                                                    : loaded 2 times (x 79B)
Class com.google.common.math.IntMath$1                                                : loaded 2 times (x 71B)
Class [Lcom.google.common.cache.CacheBuilder$NullListener;                            : loaded 2 times (x 69B)
Class org.gradle.internal.classloader.VisitableURLClassLoader$Spec                    : loaded 2 times (x 74B)
Class org.gradle.internal.classpath.DefaultClassPath                                  : loaded 2 times (x 90B)
Class org.objectweb.asm.Symbol                                                        : loaded 2 times (x 73B)
Class com.google.common.reflect.Types$ClassOwnership                                  : loaded 2 times (x 80B)
Class com.google.common.base.CharMatcher$BitSetMatcher                                : loaded 2 times (x 112B)
Class com.google.common.collect.RegularImmutableMap$Values                            : loaded 2 times (x 207B)
Class com.google.common.collect.ImmutableSet                                          : loaded 2 times (x 145B)
Class org.gradle.internal.classloader.ClassLoaderSpec                                 : loaded 2 times (x 71B)
Class org.objectweb.asm.AnnotationWriter                                              : loaded 2 times (x 79B)
Class com.google.common.cache.CacheStats                                              : loaded 2 times (x 71B)
Class Settings_gradle$1$1                                                             : loaded 2 times (x 74B)
Class org.objectweb.asm.RecordComponentWriter                                         : loaded 2 times (x 78B)
Class com.google.common.base.CharMatcher$Or                                           : loaded 2 times (x 112B)
Class com.google.common.util.concurrent.AbstractFuture$Listener                       : loaded 2 times (x 72B)
Class org.gradle.api.internal.classpath.Module$ModuleAlias                            : loaded 2 times (x 70B)
Class org.objectweb.asm.Attribute                                                     : loaded 2 times (x 77B)
Class com.google.common.base.Supplier                                                 : loaded 2 times (x 70B)
Class org.gradle.internal.classloader.VisitableURLClassLoader                         : loaded 2 times (x 117B)
Class Settings_gradle                                                                 : loaded 2 times (x 124B)
Class org.gradle.internal.Cast                                                        : loaded 2 times (x 71B)
Class org.gradle.api.Action                                                           : loaded 2 times (x 70B)
Class com.google.common.collect.Sets                                                  : loaded 2 times (x 71B)
Class org.objectweb.asm.Handler                                                       : loaded 2 times (x 72B)
Class com.google.common.base.CharMatcher$FastMatcher                                  : loaded 2 times (x 111B)
Class com.google.common.base.Strings                                                  : loaded 2 times (x 71B)
Class com.google.common.base.Ticker                                                   : loaded 2 times (x 72B)
Class [Lcom.google.common.cache.LocalCache$Segment;                                   : loaded 2 times (x 69B)
Class com.google.common.base.Predicate                                                : loaded 2 times (x 70B)
Class [Lcom.google.common.cache.LocalCache$Strength;                                  : loaded 2 times (x 69B)
Class com.google.common.cache.CacheBuilder$1                                          : loaded 2 times (x 85B)
Class com.google.common.collect.ImmutableMap                                          : loaded 2 times (x 120B)
Class org.gradle.internal.classpath.DefaultClassPath$ImmutableUniqueList$Builder      : loaded 2 times (x 75B)
Class com.google.common.base.CharMatcher$NegatedFastMatcher                           : loaded 2 times (x 113B)
Class com.google.common.cache.LocalCache                                              : loaded 2 times (x 187B)
Class com.google.common.cache.CacheBuilder$2                                          : loaded 2 times (x 79B)
Class [Lcom.google.common.collect.AbstractMapEntry;                                   : loaded 2 times (x 69B)
Class com.google.common.collect.ImmutableEntry                                        : loaded 2 times (x 82B)
Class com.google.common.cache.CacheBuilder$3                                          : loaded 2 times (x 72B)
Class com.google.common.collect.ArrayListMultimap                                     : loaded 2 times (x 172B)
Class org.gradle.api.GradleException                                                  : loaded 2 times (x 82B)
Class com.google.common.collect.CollectPreconditions                                  : loaded 2 times (x 71B)
Class ijJvmDebugger1_cczc8vxz7m3kxxnoaqupzk0hw$_run_closure1                          : loaded 2 times (x 139B)
Class com.google.common.collect.SortedMapDifference                                   : loaded 2 times (x 70B)
Class com.google.common.cache.LocalCache$WriteThroughEntry                            : loaded 2 times (x 79B)
Class com.google.common.cache.LocalCache$HashIterator                                 : loaded 2 times (x 86B)
Class com.google.common.cache.LocalCache$EntryFactory                                 : loaded 2 times (x 83B)
Class com.google.common.reflect.Types$NativeTypeVariableEquals                        : loaded 2 times (x 71B)
Class com.google.common.reflect.TypeParameter                                         : loaded 2 times (x 72B)
Class com.google.common.cache.LocalCache$AbstractReferenceEntry                       : loaded 2 times (x 107B)
Class org.gradle.internal.IoActions                                                   : loaded 2 times (x 71B)
Class org.objectweb.asm.SymbolTable                                                   : loaded 2 times (x 72B)
Class com.google.common.cache.CacheLoader$InvalidCacheLoadException                   : loaded 2 times (x 82B)
Class com.google.common.collect.ImmutableSet$RegularSetBuilderImpl                    : loaded 2 times (x 77B)
Class com.google.common.cache.LocalCache$StrongEntry                                  : loaded 2 times (x 108B)
Class com.google.common.util.concurrent.AbstractFuture$TrustedFuture                  : loaded 2 times (x 114B)
Class com.google.common.cache.LoadingCache                                            : loaded 2 times (x 70B)
Class org.objectweb.asm.MethodWriter                                                  : loaded 2 times (x 106B)
Class com.google.common.collect.RegularImmutableMap$BucketOverflowException           : loaded 2 times (x 82B)
Class [Lcom.google.common.cache.Weigher;                                              : loaded 2 times (x 69B)
Class com.google.common.base.CharMatcher$Negated                                      : loaded 2 times (x 113B)
Class com.google.common.base.CharMatcher$Is                                           : loaded 2 times (x 111B)
Class com.google.common.reflect.Types$JavaVersion$1                                   : loaded 2 times (x 83B)
Class com.google.common.collect.RegularImmutableBiMap                                 : loaded 2 times (x 149B)
Class com.google.common.cache.LocalCache$ValueReference                               : loaded 2 times (x 70B)
Class com.google.common.reflect.Types$JavaVersion$2                                   : loaded 2 times (x 83B)
Class com.google.common.reflect.Types                                                 : loaded 2 times (x 71B)
Class com.google.common.hash.PrimitiveSink                                            : loaded 2 times (x 70B)
Class com.google.common.collect.Hashing                                               : loaded 2 times (x 71B)
Class com.google.common.base.PatternCompiler                                          : loaded 2 times (x 70B)
Class com.google.common.util.concurrent.AbstractFuture$Failure                        : loaded 2 times (x 72B)
Class com.google.common.base.Equivalence$Equals                                       : loaded 2 times (x 82B)
Class com.google.common.base.Preconditions                                            : loaded 2 times (x 71B)
Class org.objectweb.asm.Label                                                         : loaded 2 times (x 73B)
Class org.objectweb.asm.CurrentFrame                                                  : loaded 2 times (x 73B)
Class org.objectweb.asm.ClassTooLargeException                                        : loaded 2 times (x 83B)
Class com.google.common.base.CharMatcher                                              : loaded 2 times (x 111B)
Class com.google.common.reflect.Types$JavaVersion$3                                   : loaded 2 times (x 83B)
Class com.google.common.base.Joiner$1                                                 : loaded 2 times (x 80B)
Class com.google.common.collect.PeekingIterator                                       : loaded 2 times (x 70B)
Class com.google.common.collect.Maps$IteratorBasedAbstractMap                         : loaded 2 times (x 125B)
Class org.objectweb.asm.Frame                                                         : loaded 2 times (x 73B)
Class org.objectweb.asm.MethodVisitor                                                 : loaded 2 times (x 105B)
Class com.google.common.base.CharMatcher$NamedFastMatcher                             : loaded 2 times (x 112B)
Class com.google.common.base.CharMatcher$1                                            : loaded 2 times (x 113B)
Class com.google.common.reflect.Types$JavaVersion$4                                   : loaded 2 times (x 83B)
Class com.google.common.base.Joiner$2                                                 : loaded 2 times (x 79B)
Class com.google.common.cache.LocalCache$EntryFactory$1                               : loaded 2 times (x 83B)
Class [Lcom.google.common.cache.RemovalListener;                                      : loaded 2 times (x 69B)
Class com.google.common.reflect.Types$JavaVersion$5                                   : loaded 2 times (x 71B)
Class [Lcom.google.common.reflect.Types$ClassOwnership;                               : loaded 2 times (x 69B)
Class com.google.common.cache.LocalCache$EntryFactory$2                               : loaded 2 times (x 83B)
Class org.objectweb.asm.ModuleWriter                                                  : loaded 2 times (x 82B)
Class com.google.common.collect.ImmutableMapEntrySet$RegularEntrySet                  : loaded 2 times (x 152B)
Class com.google.common.cache.LocalCache$EntryFactory$3                               : loaded 2 times (x 83B)
Class com.google.common.base.Ticker$1                                                 : loaded 2 times (x 72B)
Class com.google.common.collect.Maps$BiMapConverter                                   : loaded 2 times (x 90B)
Class com.google.common.base.CharMatcher$InRange                                      : loaded 2 times (x 111B)
Class com.google.common.cache.LocalCache$EntryFactory$4                               : loaded 2 times (x 83B)
Class com.google.common.collect.ImmutableSet$Builder                                  : loaded 2 times (x 85B)
Class com.google.common.cache.LocalCache$EntryFactory$5                               : loaded 2 times (x 83B)
Class com.google.common.collect.RegularImmutableMap$KeySet                            : loaded 2 times (x 152B)
Class com.google.common.cache.LocalCache$EntryFactory$6                               : loaded 2 times (x 83B)
Class org.gradle.internal.installation.CurrentGradleInstallationLocator               : loaded 2 times (x 71B)
Class com.google.common.collect.Maps$KeySet                                           : loaded 2 times (x 137B)
Class com.google.common.collect.ImmutableSet$EmptySetBuilderImpl                      : loaded 2 times (x 76B)
Class com.google.common.cache.LocalCache$EntryFactory$7                               : loaded 2 times (x 83B)
Class com.google.common.collect.ImmutableList                                         : loaded 2 times (x 206B)
Class org.gradle.internal.service.DefaultServiceLocator                               : loaded 2 times (x 83B)
Class com.google.common.cache.LocalCache$EntryFactory$8                               : loaded 2 times (x 83B)
Class com.google.common.collect.ImmutableSet$SetBuilderImpl                           : loaded 2 times (x 76B)
Class org.gradle.internal.installation.CurrentGradleInstallation                      : loaded 2 times (x 73B)
Class com.google.common.collect.ImmutableList$SubList                                 : loaded 2 times (x 209B)
Class com.google.common.collect.ForwardingObject                                      : loaded 2 times (x 72B)
Class com.google.common.cache.CacheLoader$1                                           : loaded 2 times (x 75B)
Class org.gradle.util.internal.GUtil                                                  : loaded 2 times (x 71B)
Class com.google.common.cache.AbstractCache$StatsCounter                              : loaded 2 times (x 70B)
Class com.google.common.reflect.Types$TypeVariableImpl                                : loaded 2 times (x 72B)
Class com.google.common.collect.Iterators$MergingIterator                             : loaded 2 times (x 81B)
Class com.google.common.collect.RegularImmutableSet                                   : loaded 2 times (x 149B)
Class org.gradle.internal.installation.GradleInstallation                             : loaded 2 times (x 75B)
Class com.google.common.collect.Iterables                                             : loaded 2 times (x 71B)

---------------  S Y S T E M  ---------------

OS:
 Windows 11 , 64 bit Build 22621 (10.0.22621.5415)
OS uptime: 18 days 11:59 hours
Hyper-V role detected

CPU: total 8 (initial active 8) (4 cores per cpu, 2 threads per core) family 6 model 154 stepping 4 microcode 0x42c, cx8, cmov, fxsr, ht, mmx, 3dnowpref, sse, sse2, sse3, ssse3, sse4.1, sse4.2, popcnt, lzcnt, tsc, tscinvbit, avx, avx2, aes, erms, clmul, bmi1, bmi2, adx, sha, fma, vzeroupper, clflush, clflushopt, clwb, hv, serialize, rdtscp, rdpid, fsrm, f16c, cet_ibt, cet_ss
Processor Information for processor 0
  Max Mhz: 1200, Current Mhz: 1200, Mhz Limit: 1200
Processor Information for processor 1
  Max Mhz: 1200, Current Mhz: 1200, Mhz Limit: 1200
Processor Information for processor 2
  Max Mhz: 1200, Current Mhz: 1200, Mhz Limit: 1200
Processor Information for processor 3
  Max Mhz: 1200, Current Mhz: 1200, Mhz Limit: 1200
Processor Information for processor 4
  Max Mhz: 1200, Current Mhz: 900, Mhz Limit: 900
Processor Information for processor 5
  Max Mhz: 1200, Current Mhz: 900, Mhz Limit: 900
Processor Information for processor 6
  Max Mhz: 1200, Current Mhz: 900, Mhz Limit: 900
Processor Information for processor 7
  Max Mhz: 1200, Current Mhz: 900, Mhz Limit: 900

Memory: 4k page, system-wide physical 11959M (381M free)
TotalPageFile size 17854M (AvailPageFile size 7M)
current process WorkingSet (physical memory assigned to process): 510M, peak: 511M
current process commit charge ("private bytes"): 564M, peak: 567M

vm_info: OpenJDK 64-Bit Server VM (21.0.10+-14961533-b1163.108) for windows-amd64 JRE (21.0.10+-14961533-b1163.108), built on 2026-03-02T19:58:50Z by "builder" with MS VC++ 16.10 / 16.11 (VS2019)

END.
